"https://madata.bib.uni-mannheim.de/id/eprint/1","http://purl.org/dc/elements/1.1/creator","http://madata/rdf/H\u00E4ngerC"
"https://madata.bib.uni-mannheim.de/id/eprint/1","http://purl.org/dc/elements/1.1/creator","http://madata/rdf/Kr\u00E4tzschC"
"https://madata.bib.uni-mannheim.de/id/eprint/1","http://purl.org/dc/elements/1.1/creator","http://madata/rdf/NiemannC"
"https://madata.bib.uni-mannheim.de/id/eprint/1","http://purl.org/dc/elements/1.1/title","Analyse der Tag-Struktur in Bibsonomy"
"https://madata.bib.uni-mannheim.de/id/eprint/1","http://purl.org/spar/cito/citedBy","http://www.emeraldinsight.com/doi/full/10.1108/07378830911007664"
"https://madata.bib.uni-mannheim.de/id/eprint/1","http://purl.org/spar/cito/citedBy","https://ub-madoc.bib.uni-mannheim.de/2103"
"https://madata.bib.uni-mannheim.de/id/eprint/116","http://purl.org/dc/elements/1.1/creator","http://madata/rdf/AdolphD"
"https://madata.bib.uni-mannheim.de/id/eprint/116","http://purl.org/dc/elements/1.1/creator","http://madata/rdf/AlpersG"
"https://madata.bib.uni-mannheim.de/id/eprint/116","http://purl.org/dc/elements/1.1/title","Data from the paper: Valence and Arosual: A comparison of two sets of Emotional Facial Expressions"
"https://madata.bib.uni-mannheim.de/id/eprint/116","http://purl.org/spar/cito/citedBy","https://ub-madoc.bib.uni-mannheim.de/30291"
"https://madata.bib.uni-mannheim.de/id/eprint/116","http://purl.org/dc/elements/1.1/creator","http://madata/rdf/GassO"
"https://madata.bib.uni-mannheim.de/id/eprint/116","http://purl.org/dc/elements/1.1/title","Exploratory Interview Study with Financial Agents"
"https://madata.bib.uni-mannheim.de/id/eprint/2","http://purl.org/dc/elements/1.1/creator","http://madata/rdf/KaiserJ"
"https://madata.bib.uni-mannheim.de/id/eprint/2","http://purl.org/dc/elements/1.1/creator","http://madata/rdf/KleinA"
"https://madata.bib.uni-mannheim.de/id/eprint/2","http://purl.org/dc/elements/1.1/title","E-Book-Umfrage an der UB Mannheim 2010 - Fragebogen und Ergebnisdatensatz"
"https://madata.bib.uni-mannheim.de/id/eprint/2","http://purl.org/spar/cito/citedBy","https://ub-madoc.bib.uni-mannheim.de/33134"
"https://madata.bib.uni-mannheim.de/id/eprint/74","http://purl.org/dc/elements/1.1/creator","http://madata/rdf/MethH"
"https://madata.bib.uni-mannheim.de/id/eprint/74","http://purl.org/dc/elements/1.1/creator","http://madata/rdf/KahrauF"
"https://madata.bib.uni-mannheim.de/id/eprint/74","http://purl.org/dc/elements/1.1/title","Cross-Functional Integration of Product Management and Product Design in Application Software Development: Exploration of Success Factors - Interview Transcripts\n\t\t"
"https://madata.bib.uni-mannheim.de/id/eprint/74","http://purl.org/spar/cito/citedBy","https://ub-madoc.bib.uni-mannheim.de/29687"
"https://madata.bib.uni-mannheim.de/id/eprint/75","http://purl.org/dc/elements/1.1/creator","http://madata/rdf/BotzenhardtA"
"https://madata.bib.uni-mannheim.de/id/eprint/75","http://purl.org/dc/elements/1.1/title","Cross-Functional Integration of Product Management and Product Design in Application Software Development: Exploration of Success Factors - Survey Data"
"https://madata.bib.uni-mannheim.de/id/eprint/75","http://purl.org/spar/cito/citedBy","https://ub-madoc.bib.uni-mannheim.de/29687"
"https://madata.bib.uni-mannheim.de/id/eprint/65","http://purl.org/dc/elements/1.1/creator","http://madata/rdf/DuttaA"
"https://madata.bib.uni-mannheim.de/id/eprint/65","http://purl.org/dc/elements/1.1/creator","http://madata/rdf/MeilickeC"
"https://madata.bib.uni-mannheim.de/id/eprint/65","http://purl.org/dc/elements/1.1/creator","http://madata/rdf/NiepertM"
"https://madata.bib.uni-mannheim.de/id/eprint/65","http://purl.org/dc/elements/1.1/creator","http://madata/rdf/PonzettoS"
"https://madata.bib.uni-mannheim.de/id/eprint/65","http://purl.org/dc/elements/1.1/title","Integrating Open and Closed Information Extraction: Challenges and First Steps"
"https://madata.bib.uni-mannheim.de/id/eprint/65","http://purl.org/spar/cito/citedBy","http://publications.wim.uni-mannheim.de/informatik/lski/Dutta13IntegratingIE.pdf"
"https://madata.bib.uni-mannheim.de/id/eprint/65","http://purl.org/spar/cito/citedBy","https://ub-madoc.bib.uni-mannheim.de/35518"
"https://madata.bib.uni-mannheim.de/id/eprint/65","http://purl.org/spar/cito/citedBy","https://ub-madoc.bib.uni-mannheim.de/36461"
"https://madata.bib.uni-mannheim.de/id/eprint/65","http://purl.org/spar/cito/citedBy","https://ub-madoc.bib.uni-mannheim.de/36671"
"https://madata.bib.uni-mannheim.de/id/eprint/65","http://purl.org/spar/cito/citedBy","file:///home/kb/build/madata-evaluation/output.xml"
"https://madata.bib.uni-mannheim.de/id/eprint/86","http://purl.org/dc/elements/1.1/creator","http://madata/rdf/GassO"
"https://madata.bib.uni-mannheim.de/id/eprint/86","http://purl.org/dc/elements/1.1/title","Business Data Manager Experimental Evaluation"
"https://madata.bib.uni-mannheim.de/id/eprint/28","http://purl.org/dc/elements/1.1/creator","http://madata/rdf/SchummI"
"https://madata.bib.uni-mannheim.de/id/eprint/28","http://purl.org/dc/elements/1.1/title","E-Book-Umfrage an der UB Mannheim 2010 - Fragebogen und Ergebnisdatensatz"
"https://madata.bib.uni-mannheim.de/id/eprint/28","http://purl.org/spar/cito/citedBy","https://ub-madoc.bib.uni-mannheim.de/33134"
"https://madata.bib.uni-mannheim.de/id/eprint/23","http://purl.org/dc/elements/1.1/creator","http://madata/rdf/RitzeD"
"https://madata.bib.uni-mannheim.de/id/eprint/23","http://purl.org/dc/elements/1.1/creator","http://madata/rdf/PaulheimH"
"https://madata.bib.uni-mannheim.de/id/eprint/23","http://purl.org/dc/elements/1.1/creator","http://madata/rdf/EckertK"
"https://madata.bib.uni-mannheim.de/id/eprint/23","http://purl.org/dc/elements/1.1/title","Evaluation measures for ontology matchers in supervised matching scenarios"
"https://madata.bib.uni-mannheim.de/id/eprint/23","http://purl.org/spar/cito/citedBy","http://dx.doi.org/10.1007/978-3-642-41338-4_25"
"https://madata.bib.uni-mannheim.de/id/eprint/72","http://purl.org/dc/elements/1.1/creator","http://madata/rdf/HadaschF"
"https://madata.bib.uni-mannheim.de/id/eprint/72","http://purl.org/dc/elements/1.1/title","Field Experiment Data"
"https://madata.bib.uni-mannheim.de/id/eprint/72","http://purl.org/spar/cito/citedBy","http://ub-madoc.bib.uni-mannheim.de/36139/"
"https://madata.bib.uni-mannheim.de/id/eprint/73/","http://purl.org/dc/elements/1.1/creator","http://madata/rdf/HadaschF"
"https://madata.bib.uni-mannheim.de/id/eprint/73/","http://purl.org/dc/elements/1.1/title","Lab Experiment Data"
"https://madata.bib.uni-mannheim.de/id/eprint/73/","http://purl.org/spar/cito/citedBy","http://ub-madoc.bib.uni-mannheim.de/36139/"
"https://madata.bib.uni-mannheim.de/id/eprint/73/","http://purl.org/dc/elements/1.1/creator","http://madata/rdf/HadaschF"
"https://madata.bib.uni-mannheim.de/id/eprint/73/","http://purl.org/dc/elements/1.1/title","Survey-Based Experiment Data"
"https://madata.bib.uni-mannheim.de/id/eprint/73/","http://purl.org/spar/cito/citedBy","http://ub-madoc.bib.uni-mannheim.de/36139/"
"https://madata.bib.uni-mannheim.de/id/eprint/111","http://purl.org/dc/elements/1.1/creator","http://madata/rdf/PittigA"
"https://madata.bib.uni-mannheim.de/id/eprint/111","http://purl.org/dc/elements/1.1/creator","http://madata/rdf/SchulzA"
"https://madata.bib.uni-mannheim.de/id/eprint/111","http://purl.org/dc/elements/1.1/creator","http://madata/rdf/CraskeM"
"https://madata.bib.uni-mannheim.de/id/eprint/111","http://purl.org/dc/elements/1.1/creator","http://madata/rdf/AlpersG"
"https://madata.bib.uni-mannheim.de/id/eprint/111","http://purl.org/dc/elements/1.1/title","Data from the paper: Acquisition of behavioral avoidance: Task-irrelevant conditioned stimuli trigger costly decisions"
"https://madata.bib.uni-mannheim.de/id/eprint/111","http://purl.org/spar/cito/citedBy","http://dx.doi.org/10.1037/a0036136"
"https://madata.bib.uni-mannheim.de/id/eprint/112","http://purl.org/dc/elements/1.1/creator","http://madata/rdf/PittigA"
"https://madata.bib.uni-mannheim.de/id/eprint/112","http://purl.org/dc/elements/1.1/creator","http://madata/rdf/PawlikowskiM"
"https://madata.bib.uni-mannheim.de/id/eprint/112","http://purl.org/dc/elements/1.1/creator","http://madata/rdf/CraskeM"
"https://madata.bib.uni-mannheim.de/id/eprint/112","http://purl.org/dc/elements/1.1/creator","http://madata/rdf/AlpersG"
"https://madata.bib.uni-mannheim.de/id/eprint/112","http://purl.org/dc/elements/1.1/title","Data from the paper: Avoidant decision making in social anxiety: the interaction of angry faces and emotional responses"
"https://madata.bib.uni-mannheim.de/id/eprint/112","http://purl.org/spar/cito/citedBy","http://dx.doi.org/10.3389/fpsyg.2014.01050"
"https://madata.bib.uni-mannheim.de/id/eprint/95","http://purl.org/dc/elements/1.1/creator","http://madata/rdf/SchachtS"
"https://madata.bib.uni-mannheim.de/id/eprint/95","http://purl.org/dc/elements/1.1/title","Ex Post Evaluation of Project KMS"
"https://madata.bib.uni-mannheim.de/id/eprint/93","http://purl.org/dc/elements/1.1/creator","http://madata/rdf/SchachtS"
"https://madata.bib.uni-mannheim.de/id/eprint/93","http://purl.org/dc/elements/1.1/title","Exploratory Interview Study for Project Knowledge Reuse"
"https://madata.bib.uni-mannheim.de/id/eprint/94","http://purl.org/dc/elements/1.1/creator","http://madata/rdf/SchachtS"
"https://madata.bib.uni-mannheim.de/id/eprint/94","http://purl.org/dc/elements/1.1/title","Pre-Evaluation Results of Project KMS Artifact"
"https://madata.bib.uni-mannheim.de/id/eprint/90","http://purl.org/dc/elements/1.1/creator","http://madata/rdf/TrenzM"
"https://madata.bib.uni-mannheim.de/id/eprint/90","http://purl.org/dc/elements/1.1/title","Multichannel commerce: A consumer perspective on the integration of physical and electronic channels "
"https://madata.bib.uni-mannheim.de/id/eprint/87","http://purl.org/dc/elements/1.1/creator","http://madata/rdf/WeilandL"
"https://madata.bib.uni-mannheim.de/id/eprint/87","http://purl.org/dc/elements/1.1/creator","http://madata/rdf/EffelsbergW"
"https://madata.bib.uni-mannheim.de/id/eprint/87","http://purl.org/dc/elements/1.1/creator","http://madata/rdf/PonzettoS"
"https://madata.bib.uni-mannheim.de/id/eprint/87","http://purl.org/dc/elements/1.1/title","Data from the paper: Weakly supervised construction of a repository of iconic images"
"https://madata.bib.uni-mannheim.de/id/eprint/87","http://purl.org/spar/cito/citedBy","http://www.aclweb.org/anthology/W14-5410"
"https://madata.bib.uni-mannheim.de/id/eprint/80","http://purl.org/dc/elements/1.1/creator","http://madata/rdf/BrhelM"
"https://madata.bib.uni-mannheim.de/id/eprint/80","http://purl.org/dc/elements/1.1/title","Exploring Principles of User-Centered Agile Software Development: A Literature Review"
"https://madata.bib.uni-mannheim.de/id/eprint/80","http://purl.org/spar/cito/citedBy","http://dx.doi.org/10.1016/j.infsof.2015.01.004"
"https://madata.bib.uni-mannheim.de/id/eprint/67","http://purl.org/dc/elements/1.1/creator","http://madata/rdf/MeilickeC"
"https://madata.bib.uni-mannheim.de/id/eprint/67","http://purl.org/dc/elements/1.1/title","Detecting Meaningful Compounds in Complex Class Labels (Experimental Results)"
"https://madata.bib.uni-mannheim.de/id/eprint/60","http://purl.org/dc/elements/1.1/creator","http://madata/rdf/LiY"
"https://madata.bib.uni-mannheim.de/id/eprint/60","http://purl.org/dc/elements/1.1/title","Effects of Cultural Intelligence in Cross-Cultural Virtual Collaboration - Experimental data"
"https://madata.bib.uni-mannheim.de/id/eprint/60","http://purl.org/spar/cito/citedBy","http://dx.doi.org/10.1007/978-3-642-39137-8_27"
"https://madata.bib.uni-mannheim.de/id/eprint/60","http://purl.org/spar/cito/citedBy","http://dl.acm.org/citation.cfm?id=2160895"
"https://madata.bib.uni-mannheim.de/id/eprint/62","http://purl.org/dc/elements/1.1/creator","http://madata/rdf/LiY"
"https://madata.bib.uni-mannheim.de/id/eprint/62","http://purl.org/dc/elements/1.1/title","Effects of process ambidexterity on coordination and outcomes in software project teams - surevy data"
"https://madata.bib.uni-mannheim.de/id/eprint/61","http://purl.org/dc/elements/1.1/creator","http://madata/rdf/LiY"
"https://madata.bib.uni-mannheim.de/id/eprint/61","http://purl.org/dc/elements/1.1/title","Formulating Effective Coordination Strategies in Agile Global Software Development Teams - Interview transcripts"
"https://madata.bib.uni-mannheim.de/id/eprint/61","http://purl.org/spar/cito/citedBy","http://aisel.aisnet.org/icis2012/proceedings/ResearchInProgress/36/"
"https://madata.bib.uni-mannheim.de/id/eprint/57","http://purl.org/dc/elements/1.1/creator","http://madata/rdf/StuckenschmidtH"
"https://madata.bib.uni-mannheim.de/id/eprint/57","http://purl.org/dc/elements/1.1/creator","http://madata/rdf/PonzettoS"
"https://madata.bib.uni-mannheim.de/id/eprint/57","http://purl.org/dc/elements/1.1/creator","http://madata/rdf/MeilickeC"
"https://madata.bib.uni-mannheim.de/id/eprint/57","http://purl.org/dc/elements/1.1/title","A Gold Standard of Meaningful Compounds in Complex Class Labels"
"https://madata.bib.uni-mannheim.de/id/eprint/113","http://purl.org/dc/elements/1.1/creator","http://madata/rdf/PittigA"
"https://madata.bib.uni-mannheim.de/id/eprint/113","http://purl.org/dc/elements/1.1/creator","http://madata/rdf/BrandM"
"https://madata.bib.uni-mannheim.de/id/eprint/113","http://purl.org/dc/elements/1.1/creator","http://madata/rdf/PawlikowskiM"
"https://madata.bib.uni-mannheim.de/id/eprint/113","http://purl.org/dc/elements/1.1/creator","http://madata/rdf/AlpersG"
"https://madata.bib.uni-mannheim.de/id/eprint/113","http://purl.org/dc/elements/1.1/title","Data from the paper: The cost of fear: Avoidant decision making in a spider gambling task"
"https://madata.bib.uni-mannheim.de/id/eprint/113","http://purl.org/spar/cito/citedBy","http://dx.doi.org/10.1016/j.janxdis.2014.03.001"
"https://madata.bib.uni-mannheim.de/id/eprint/76","http://purl.org/dc/elements/1.1/creator","http://madata/rdf/BotzenhardtA"
"https://madata.bib.uni-mannheim.de/id/eprint/76","http://purl.org/dc/elements/1.1/title","Form and function - designing successful mobile data services - Survey Data "
"https://madata.bib.uni-mannheim.de/id/eprint/149","http://purl.org/dc/elements/1.1/creator","http://madata/rdf/MoranaS"
"https://madata.bib.uni-mannheim.de/id/eprint/149","http://purl.org/dc/elements/1.1/title","Experiment Data Set - Design Cycle Two"
"https://madata.bib.uni-mannheim.de/id/eprint/148","http://purl.org/dc/elements/1.1/creator","http://madata/rdf/MoranaS"
"https://madata.bib.uni-mannheim.de/id/eprint/148","http://purl.org/dc/elements/1.1/title","Interviews and Workshops - Design Cycle One"
"https://madata.bib.uni-mannheim.de/id/eprint/148","http://purl.org/spar/cito/citedBy","https://ub-madoc.bib.uni-mannheim.de/37039"
"https://madata.bib.uni-mannheim.de/id/eprint/151","http://purl.org/dc/elements/1.1/creator","http://madata/rdf/MoranaS"
"https://madata.bib.uni-mannheim.de/id/eprint/151","http://purl.org/dc/elements/1.1/title","Interviews and Workshop - Design Cycle Three"
"https://madata.bib.uni-mannheim.de/id/eprint/150","http://purl.org/dc/elements/1.1/creator","http://madata/rdf/MoranaS"
"https://madata.bib.uni-mannheim.de/id/eprint/150","http://purl.org/dc/elements/1.1/title","Survey Data Set - Design Cycle Three"
"https://madata.bib.uni-mannheim.de/id/eprint/152","http://purl.org/dc/elements/1.1/creator","http://madata/rdf/MoranaS"
"https://madata.bib.uni-mannheim.de/id/eprint/152","http://purl.org/dc/elements/1.1/title","Ticketing Processes - Design Cycle Three"
"https://madata.bib.uni-mannheim.de/id/eprint/145","http://purl.org/dc/elements/1.1/creator","http://madata/rdf/GraupnerE"
"https://madata.bib.uni-mannheim.de/id/eprint/145","http://purl.org/dc/elements/1.1/title","Supplements to the paper: Understanding Digitization across Processes and their Phases \u2013 An Extension of Process Virtualization Theory"
"https://madata.bib.uni-mannheim.de/id/eprint/145","http://purl.org/dc/elements/1.1/creator","http://madata/rdf/GraupnerE"
"https://madata.bib.uni-mannheim.de/id/eprint/145","http://purl.org/dc/elements/1.1/title","the paper: Process Digitization in Retail Banking \u2013 An Empirical Examination of Process Virtualization Theory"
"https://madata.bib.uni-mannheim.de/id/eprint/136","http://purl.org/dc/elements/1.1/creator","http://madata/rdf/DuttaA"
"https://madata.bib.uni-mannheim.de/id/eprint/136","http://purl.org/dc/elements/1.1/title","Reverb Instance and Relation gold standard"
"https://madata.bib.uni-mannheim.de/id/eprint/134","http://purl.org/dc/elements/1.1/creator","http://madata/rdf/GraupnerE"
"https://madata.bib.uni-mannheim.de/id/eprint/134","http://purl.org/dc/elements/1.1/title","Supplements to the paper: Customers' Intention to Use Digital Services in Retail Banking \u2013 An Information Processing Perspective"
"https://madata.bib.uni-mannheim.de/id/eprint/134","http://purl.org/spar/cito/citedBy","http://aisel.aisnet.org/ecis2015_cr/61/"
"https://madata.bib.uni-mannheim.de/id/eprint/127","http://purl.org/dc/elements/1.1/creator","http://madata/rdf/BernerM"
"https://madata.bib.uni-mannheim.de/id/eprint/127","http://purl.org/dc/elements/1.1/title","Systematic Literature Review \u201CEnterprise Systems Chartering\u201D \u2013Review Procedure and Analysis Results"
"https://madata.bib.uni-mannheim.de/id/eprint/121","http://purl.org/dc/elements/1.1/creator","http://madata/rdf/LauterbachJ"
"https://madata.bib.uni-mannheim.de/id/eprint/121","http://purl.org/dc/elements/1.1/title","Understanding the Impact of Social and Ambidextrous Knowing-in-practice on the Effective Use of Enterprise Systems"
"https://madata.bib.uni-mannheim.de/id/eprint/68","http://purl.org/dc/elements/1.1/creator","http://madata/rdf/HadaschF"
"https://madata.bib.uni-mannheim.de/id/eprint/68","http://purl.org/dc/elements/1.1/title","Interview Data for the following study: Hadasch, F., Mueller, B., and Maedche, A. (2012). Exploring antecedent environmental and organizational factors to user-caused information leaks: A qualitative study. Proceedings of the 20th European Conference on Information Systems."
"https://madata.bib.uni-mannheim.de/id/eprint/68","http://purl.org/spar/cito/citedBy","http://aisel.aisnet.org/cgi/viewquote.cgi?article=1126&context=ecis2012"
"https://madata.bib.uni-mannheim.de/id/eprint/68","http://purl.org/spar/cito/citedBy","http://ub-madoc.bib.uni-mannheim.de/36139/"
"https://madata.bib.uni-mannheim.de/id/eprint/129","http://purl.org/dc/elements/1.1/creator","http://madata/rdf/GraupnerE"
"https://madata.bib.uni-mannheim.de/id/eprint/129","http://purl.org/dc/elements/1.1/title","Supplements to the paper: Visibility of Business Processes - An Information Processing Perspective in the Financial Services Industry"
"https://madata.bib.uni-mannheim.de/id/eprint/129","http://purl.org/spar/cito/citedBy","http://aisel.aisnet.org/ecis2015_cr/60/"
"https://madata.bib.uni-mannheim.de/id/eprint/118","http://purl.org/dc/elements/1.1/creator","http://madata/rdf/KahrauF"
"https://madata.bib.uni-mannheim.de/id/eprint/118","http://purl.org/dc/elements/1.1/title","Interpretive case study on ES Transformation - Interview Data"
"https://madata.bib.uni-mannheim.de/id/eprint/142","http://purl.org/dc/elements/1.1/creator","http://madata/rdf/BurgerA"
"https://madata.bib.uni-mannheim.de/id/eprint/142","http://purl.org/dc/elements/1.1/title","Affect and the weight of idealistic and pragmatic concerns in decision situations"
"http://www.emeraldinsight.com/doi/full/10.1108/07378830911007664","http://purl.org/dc/elements/1.1/creator","http://madata/rdf/NiemannC"
"http://www.emeraldinsight.com/doi/full/10.1108/07378830911007664","http://purl.org/dc/elements/1.1/creator","http://madata/rdf/H\u00E4ngerC"
"http://www.emeraldinsight.com/doi/full/10.1108/07378830911007664","http://purl.org/dc/elements/1.1/creator","http://madata/rdf/EckertK"
"http://www.emeraldinsight.com/doi/full/10.1108/07378830911007664","http://purl.org/dc/elements/1.1/title","Tagging and Automation - Challenges and Chances for Academic Libraries"
"http://www.emeraldinsight.com/doi/full/10.1108/07378830911007664","http://purl.org/spar/cito/citedBy","http://www.tandfonline.com/doi/abs/10.1080/19386389.2013.778730#.VjdzlJeVtUQ"
"http://www.emeraldinsight.com/doi/full/10.1108/07378830911007664","http://purl.org/spar/cito/citedBy","http://www.cqvip.com/qk/95888x/201202/40920550.html"
"http://www.emeraldinsight.com/doi/full/10.1108/07378830911007664","http://purl.org/spar/cito/citedBy","http://www.cqvip.com/qk/93480x/201305/47338454.html"
"http://www.emeraldinsight.com/doi/full/10.1108/07378830911007664","http://purl.org/spar/cito/citedBy","http://link.springer.com/chapter/10.1007/978-3-642-24826-9_21"
"http://www.emeraldinsight.com/doi/full/10.1108/07378830911007664","http://purl.org/spar/cito/citedBy","http://www.cqvip.com/qk/90226x/201209/43330105.html"
"http://www.emeraldinsight.com/doi/full/10.1108/07378830911007664","http://purl.org/spar/cito/citedBy","http://trace.tennessee.edu/utk_gradthes/988/"
"http://www.emeraldinsight.com/doi/full/10.1108/07378830911007664","http://purl.org/spar/cito/citedBy","file:///home/kb/build/madata-evaluation/ijidt.com/index.php/ijidt/article/download/4.2.9/200"
"http://www.emeraldinsight.com/doi/full/10.1108/07378830911007664","http://purl.org/spar/cito/citedBy","http://www.cais-acsi.ca/ojs/index.php/cais/article/view/616"
"http://www.emeraldinsight.com/doi/full/10.1108/07378830911007664","http://purl.org/spar/cito/citedBy","http://195.251.240.254:8080/handle/10184/4103"
"https://ub-madoc.bib.uni-mannheim.de/2103","http://purl.org/dc/elements/1.1/creator","http://madata/rdf/H\u00E4ngerC"
"https://ub-madoc.bib.uni-mannheim.de/2103","http://purl.org/dc/elements/1.1/title","Good tags or bad tags? Tagging im Kontext der bibliothekarischen Sacherschlie\u00DFung"
"https://ub-madoc.bib.uni-mannheim.de/2103","http://purl.org/spar/cito/citedBy","http://www.emeraldinsight.com/doi/full/10.1108/00220410810912451"
"https://ub-madoc.bib.uni-mannheim.de/2103","http://purl.org/spar/cito/citedBy","http://polaris.bc.unicamp.br/seer/ojs/index.php/rbci/article/view/433"
"https://ub-madoc.bib.uni-mannheim.de/2103","http://purl.org/spar/cito/citedBy","http://eprints.rclis.org/16583/"
"https://ub-madoc.bib.uni-mannheim.de/2103","http://purl.org/spar/cito/citedBy","http://eprints.rclis.org/16583/"
"https://ub-madoc.bib.uni-mannheim.de/2103","http://purl.org/spar/cito/citedBy","http://journals.ub.uni-heidelberg.de/index.php/akmb-news/article/viewFile/6147/1649"
"https://ub-madoc.bib.uni-mannheim.de/2103","http://purl.org/spar/cito/citedBy","file:///home/kb/build/madata-evaluation/theses.fh-hagenberg.at/system/files/pdf/Kroiss10.pdf"
"https://ub-madoc.bib.uni-mannheim.de/30291","http://purl.org/dc/elements/1.1/creator","http://madata/rdf/AdolphD"
"https://ub-madoc.bib.uni-mannheim.de/30291","http://purl.org/dc/elements/1.1/creator","http://madata/rdf/AlpersG"
"https://ub-madoc.bib.uni-mannheim.de/30291","http://purl.org/dc/elements/1.1/title","Valence and Arousal: A Comparison of Two Sets of Emotional Facial Expressions"
"https://ub-madoc.bib.uni-mannheim.de/30291","http://purl.org/spar/cito/citedBy","http://psycnet.apa.org/journals/emo/11/4/860/"
"https://ub-madoc.bib.uni-mannheim.de/30291","http://purl.org/spar/cito/citedBy","http://www.sciencedirect.com/science/article/pii/S0301051112001093"
"https://ub-madoc.bib.uni-mannheim.de/30291","http://purl.org/spar/cito/citedBy","http://www.cpcjournal.org/doi/abs/10.1597/08-244"
"https://ub-madoc.bib.uni-mannheim.de/30291","http://purl.org/spar/cito/citedBy","http://www.sciencedirect.com/science/article/pii/S0167876012006782"
"https://ub-madoc.bib.uni-mannheim.de/30291","http://purl.org/spar/cito/citedBy","http://www.ncbi.nlm.nih.gov/pmc/articles/PMC3685720/"
"https://ub-madoc.bib.uni-mannheim.de/30291","http://purl.org/spar/cito/citedBy","http://www.sciencedirect.com/science/article/pii/S0191886910006227"
"https://ub-madoc.bib.uni-mannheim.de/30291","http://purl.org/spar/cito/citedBy","http://www.tandfonline.com/doi/abs/10.1080/08964289.2013.818932"
"https://ub-madoc.bib.uni-mannheim.de/30291","http://purl.org/spar/cito/citedBy","http://www.tandfonline.com/doi/abs/10.1080/02699931.2015.1049124"
"https://ub-madoc.bib.uni-mannheim.de/30291","http://purl.org/spar/cito/citedBy","http://www.jstor.org/stable/10.5406/amerjpsyc.125.4.0409#pdf_only_tab_quotes"
"https://ub-madoc.bib.uni-mannheim.de/30291","http://purl.org/spar/cito/citedBy","http://www.ncbi.nlm.nih.gov/pmc/articles/PMC4178379/"
"https://ub-madoc.bib.uni-mannheim.de/30291","http://purl.org/spar/cito/citedBy","http://iwc.oxfordjournals.org/quote/early/2015/08/02/iwc.iwv028.short"
"https://ub-madoc.bib.uni-mannheim.de/30291","http://purl.org/spar/cito/citedBy","https://www.duo.uio.no/handle/10852/35161"
"https://ub-madoc.bib.uni-mannheim.de/30291","http://purl.org/spar/cito/citedBy","http://academicworks.cuny.edu/cgi/viewquote.cgi?article=1387&context=gc_etds"
"https://ub-madoc.bib.uni-mannheim.de/30291","http://purl.org/spar/cito/citedBy","http://www.theses.fr/2013PA05H121"
"https://ub-madoc.bib.uni-mannheim.de/33134","http://purl.org/dc/elements/1.1/creator","http://madata/rdf/KaiserJ"
"https://ub-madoc.bib.uni-mannheim.de/33134","http://purl.org/dc/elements/1.1/creator","http://madata/rdf/KleinA"
"https://ub-madoc.bib.uni-mannheim.de/33134","http://purl.org/dc/elements/1.1/title","Die E-Book-Umfrage an der UB Mannheim \u2013 Zusammenfassung der Ergebnisse"
"https://ub-madoc.bib.uni-mannheim.de/29687","http://purl.org/dc/elements/1.1/creator","http://madata/rdf/BotzenhardtA"
"https://ub-madoc.bib.uni-mannheim.de/29687","http://purl.org/dc/elements/1.1/creator","http://madata/rdf/MethH"
"https://ub-madoc.bib.uni-mannheim.de/29687","http://purl.org/dc/elements/1.1/creator","http://madata/rdf/MaedcheA"
"https://ub-madoc.bib.uni-mannheim.de/29687","http://purl.org/dc/elements/1.1/title","Cross-Functional Integration of Product Management and Product Design in Application Software Development: Exploration of Success Factors"
"https://ub-madoc.bib.uni-mannheim.de/29687","http://purl.org/spar/cito/citedBy","http://dl.acm.org/citation.cfm?id=2399037"
"https://ub-madoc.bib.uni-mannheim.de/29687","http://purl.org/spar/cito/citedBy","http://papers.ssrn.com/sol3/papers.cfm?abstract_id=2033145"
"https://ub-madoc.bib.uni-mannheim.de/29687","http://purl.org/spar/cito/citedBy","http://citeseerx.ist.psu.edu/viewdoc/download?doi=10.1.1.258.6574&rep=rep1&type=pdf"
"https://ub-madoc.bib.uni-mannheim.de/29687","http://purl.org/spar/cito/citedBy","http://link.springer.com/chapter/10.1007/978-3-642-36285-9_47"
"https://ub-madoc.bib.uni-mannheim.de/29687","http://purl.org/spar/cito/citedBy","http://link.springer.com/chapter/10.1007/978-3-662-43820-6_13#page-1"
"https://ub-madoc.bib.uni-mannheim.de/29687","http://purl.org/spar/cito/citedBy","http://www.researchgate.net/profile/Karl_Werder/publication/272360138_Exploring_Principles_of_User-Centered_Agile_Software_Development_A_Literature_Review/links/55003b0f0cf260c99e8f892d.pdf"
"https://ub-madoc.bib.uni-mannheim.de/29687","http://purl.org/spar/cito/citedBy","http://www.pacis-net.org/file/2012/PACIS2012-155.pdf"
"https://ub-madoc.bib.uni-mannheim.de/29687","http://purl.org/spar/cito/citedBy","http://dspace.cc.tut.fi/dpub/handle/123456789/21376"
"https://ub-madoc.bib.uni-mannheim.de/29687","http://purl.org/dc/elements/1.1/creator","http://madata/rdf/BotzenhardtA"
"https://ub-madoc.bib.uni-mannheim.de/29687","http://purl.org/dc/elements/1.1/creator","http://madata/rdf/MethH"
"https://ub-madoc.bib.uni-mannheim.de/29687","http://purl.org/dc/elements/1.1/creator","http://madata/rdf/MaedcheA"
"https://ub-madoc.bib.uni-mannheim.de/29687","http://purl.org/dc/elements/1.1/title","Cross-Functional Integration of Product Management and Product Design in Application Software Development: Exploration of Success Factors"
"https://ub-madoc.bib.uni-mannheim.de/29687","http://purl.org/spar/cito/citedBy","http://dl.acm.org/citation.cfm?id=2399037"
"https://ub-madoc.bib.uni-mannheim.de/29687","http://purl.org/spar/cito/citedBy","http://papers.ssrn.com/sol3/papers.cfm?abstract_id=2033145"
"https://ub-madoc.bib.uni-mannheim.de/29687","http://purl.org/spar/cito/citedBy","http://citeseerx.ist.psu.edu/viewdoc/download?doi=10.1.1.258.6574&rep=rep1&type=pdf"
"https://ub-madoc.bib.uni-mannheim.de/29687","http://purl.org/spar/cito/citedBy","http://link.springer.com/chapter/10.1007/978-3-642-36285-9_47"
"https://ub-madoc.bib.uni-mannheim.de/29687","http://purl.org/spar/cito/citedBy","http://link.springer.com/chapter/10.1007/978-3-662-43820-6_13#page-1"
"https://ub-madoc.bib.uni-mannheim.de/29687","http://purl.org/spar/cito/citedBy","http://www.researchgate.net/profile/Karl_Werder/publication/272360138_Exploring_Principles_of_User-Centered_Agile_Software_Development_A_Literature_Review/links/55003b0f0cf260c99e8f892d.pdf"
"https://ub-madoc.bib.uni-mannheim.de/29687","http://purl.org/spar/cito/citedBy","http://www.pacis-net.org/file/2012/PACIS2012-155.pdf"
"https://ub-madoc.bib.uni-mannheim.de/29687","http://purl.org/spar/cito/citedBy","http://dspace.cc.tut.fi/dpub/handle/123456789/21376"
"http://publications.wim.uni-mannheim.de/informatik/lski/Dutta13IntegratingIE.pdf","http://purl.org/dc/elements/1.1/creator","http://madata/rdf/DuttaA"
"http://publications.wim.uni-mannheim.de/informatik/lski/Dutta13IntegratingIE.pdf","http://purl.org/dc/elements/1.1/creator","http://madata/rdf/MeilickeC"
"http://publications.wim.uni-mannheim.de/informatik/lski/Dutta13IntegratingIE.pdf","http://purl.org/dc/elements/1.1/creator","http://madata/rdf/NiepertM"
"http://publications.wim.uni-mannheim.de/informatik/lski/Dutta13IntegratingIE.pdf","http://purl.org/dc/elements/1.1/creator","http://madata/rdf/PonzettoS"
"http://publications.wim.uni-mannheim.de/informatik/lski/Dutta13IntegratingIE.pdf","http://purl.org/dc/elements/1.1/title","Integrating Open and Closed Information Extraction: Challenges and First Steps"
"http://publications.wim.uni-mannheim.de/informatik/lski/Dutta13IntegratingIE.pdf","http://purl.org/spar/cito/citedBy","http://link.springer.com/chapter/10.1007/978-3-319-07443-6_20#page-1"
"http://publications.wim.uni-mannheim.de/informatik/lski/Dutta13IntegratingIE.pdf","http://purl.org/spar/cito/citedBy","http://citeseerx.ist.psu.edu/viewdoc/download?doi=10.1.1.403.846&rep=rep1&type=pdf"
"http://publications.wim.uni-mannheim.de/informatik/lski/Dutta13IntegratingIE.pdf","http://purl.org/spar/cito/citedBy","https://books.google.de/books?hl=de&lr=&id=e93YBAAAQBAJ&oi=fnd&pg=PA111&ots=PnV5FcdkuD&sig=dSvmblWprVAr7Bii7Wfyrh0qRYM#v=onepage&q&f=false"
"http://publications.wim.uni-mannheim.de/informatik/lski/Dutta13IntegratingIE.pdf","http://purl.org/spar/cito/citedBy","http://www.qucosa.de/recherche/frontdoor/cache.off?tx_slubopus4frontend[id]=urn%3Anbn%3Ade%3Absz%3A15-qucosa-157932"
"http://publications.wim.uni-mannheim.de/informatik/lski/Dutta13IntegratingIE.pdf","http://purl.org/spar/cito/citedBy","http://link.springer.com/chapter/10.1007/978-3-319-07983-7_11#page-1"
"http://publications.wim.uni-mannheim.de/informatik/lski/Dutta13IntegratingIE.pdf","http://purl.org/spar/cito/citedBy","http://www.aaai.org/ocs/index.php/WS/AAAIW14/paper/view/8722"
"http://publications.wim.uni-mannheim.de/informatik/lski/Dutta13IntegratingIE.pdf","http://purl.org/spar/cito/citedBy","http://dl.acm.org/citation.cfm?id=2556202"
"http://publications.wim.uni-mannheim.de/informatik/lski/Dutta13IntegratingIE.pdf","http://purl.org/spar/cito/citedBy","http://dl.acm.org/citation.cfm?id=2741139"
"http://publications.wim.uni-mannheim.de/informatik/lski/Dutta13IntegratingIE.pdf","http://purl.org/spar/cito/citedBy","http://www.akbc.ws/2014/submissions/akbc2014_submission_28.pdf"
"https://ub-madoc.bib.uni-mannheim.de/35518","http://purl.org/dc/elements/1.1/creator","http://madata/rdf/DuttaA"
"https://ub-madoc.bib.uni-mannheim.de/35518","http://purl.org/dc/elements/1.1/title","Integration of Large Scale Knowledge Bases using Probabilistic Graphical Models"
"https://ub-madoc.bib.uni-mannheim.de/36461","http://purl.org/dc/elements/1.1/creator","http://madata/rdf/DuttaA"
"https://ub-madoc.bib.uni-mannheim.de/36461","http://purl.org/dc/elements/1.1/creator","http://madata/rdf/MeilickeC"
"https://ub-madoc.bib.uni-mannheim.de/36461","http://purl.org/dc/elements/1.1/creator","http://madata/rdf/PonzettoS"
"https://ub-madoc.bib.uni-mannheim.de/36461","http://purl.org/dc/elements/1.1/title","A Probabilistic Approach for Integrating Heterogeneous Knowledge Sources"
"https://ub-madoc.bib.uni-mannheim.de/36461","http://purl.org/spar/cito/citedBy","http://www.igi-global.com/article/improving-the-quality-of-linked-data-using-statistical-distributions/116452"
"https://ub-madoc.bib.uni-mannheim.de/36461","http://purl.org/spar/cito/citedBy","http://ceur-ws.org/Vol-1162/WoDOOM14-proceedings.pdf#page=33"
"https://ub-madoc.bib.uni-mannheim.de/36461","http://purl.org/spar/cito/citedBy","https://books.google.de/books?hl=de&lr=&id=e93YBAAAQBAJ&oi=fnd&pg=PA111&ots=PnV5FdcoyF&sig=6V93jKGmnVtAIMz_-ppAdGARS70#v=onepage&q&f=false"
"https://ub-madoc.bib.uni-mannheim.de/36461","http://purl.org/spar/cito/citedBy","http://wwwusers.di.uniroma1.it/~dellibovi/pubs/EMNLP15.pdf"
"https://ub-madoc.bib.uni-mannheim.de/36461","http://purl.org/spar/cito/citedBy","http://wwwusers.di.uniroma1.it/~dellibovi/pubs/EMNLP15.pdf"
"https://ub-madoc.bib.uni-mannheim.de/36461","http://purl.org/spar/cito/citedBy","https://tacl2013.cs.columbia.edu/ojs/index.php/tacl/article/view/660"
"https://ub-madoc.bib.uni-mannheim.de/36461","http://purl.org/spar/cito/citedBy","http://www.semantic-web-journal.net/system/files/swj1083.pdf"
"https://ub-madoc.bib.uni-mannheim.de/36461","http://purl.org/spar/cito/citedBy","http://dl.acm.org/citation.cfm?id=2741139"
"https://ub-madoc.bib.uni-mannheim.de/36671","http://purl.org/dc/elements/1.1/creator","http://madata/rdf/DuttaA"
"https://ub-madoc.bib.uni-mannheim.de/36671","http://purl.org/dc/elements/1.1/creator","http://madata/rdf/SchuhmacherM"
"https://ub-madoc.bib.uni-mannheim.de/36671","http://purl.org/dc/elements/1.1/title","Entity Linking for Open Information Extraction"
"https://ub-madoc.bib.uni-mannheim.de/36671","http://purl.org/spar/cito/citedBy","file:///home/kb/build/madata-evaluation/www.mtg.upf.es/system/files/publications/CIM14_MAIN.pdf"
"file:///home/kb/build/madata-evaluation/output.xml","http://purl.org/dc/elements/1.1/title",""
"https://ub-madoc.bib.uni-mannheim.de/33134","http://purl.org/dc/elements/1.1/creator","http://madata/rdf/KaiserJ"
"https://ub-madoc.bib.uni-mannheim.de/33134","http://purl.org/dc/elements/1.1/creator","http://madata/rdf/KleinA"
"https://ub-madoc.bib.uni-mannheim.de/33134","http://purl.org/dc/elements/1.1/creator","http://madata/rdf/KnudsenP"
"https://ub-madoc.bib.uni-mannheim.de/33134","http://purl.org/dc/elements/1.1/creator","http://madata/rdf/LeichertG"
"https://ub-madoc.bib.uni-mannheim.de/33134","http://purl.org/dc/elements/1.1/creator","http://madata/rdf/SchummI"
"https://ub-madoc.bib.uni-mannheim.de/33134","http://purl.org/dc/elements/1.1/title","Die E-Book-Umfrage an der UB Mannheim \u2013 Zusammenfassung der Ergebnisse"
"http://dx.doi.org/10.1007/978-3-642-41338-4_25","http://purl.org/dc/elements/1.1/creator","http://madata/rdf/RitzeD"
"http://dx.doi.org/10.1007/978-3-642-41338-4_25","http://purl.org/dc/elements/1.1/creator","http://madata/rdf/PaulheimH"
"http://dx.doi.org/10.1007/978-3-642-41338-4_25","http://purl.org/dc/elements/1.1/creator","http://madata/rdf/EckertK"
"http://dx.doi.org/10.1007/978-3-642-41338-4_25","http://purl.org/dc/elements/1.1/title","Evaluation measures for ontology matchers in supervised matching scenarios"
"http://ub-madoc.bib.uni-mannheim.de/36139/","http://purl.org/dc/elements/1.1/creator","http://madata/rdf/HadaschF"
"http://ub-madoc.bib.uni-mannheim.de/36139/","http://purl.org/dc/elements/1.1/title","Influencing Information Technology Users\u2019 Rule Compliance : Multiple Studies in the Security and Business Process Context"
"http://ub-madoc.bib.uni-mannheim.de/36139/","http://purl.org/dc/elements/1.1/creator","http://madata/rdf/HadaschF"
"http://ub-madoc.bib.uni-mannheim.de/36139/","http://purl.org/dc/elements/1.1/title","Influencing Information Technology Users\u2019 Rule Compliance : Multiple Studies in the Security and Business Process Context"
"http://ub-madoc.bib.uni-mannheim.de/36139/","http://purl.org/dc/elements/1.1/creator","http://madata/rdf/HadaschF"
"http://ub-madoc.bib.uni-mannheim.de/36139/","http://purl.org/dc/elements/1.1/title","Influencing Information Technology Users\u2019 Rule Compliance : Multiple Studies in the Security and Business Process Context"
"http://dx.doi.org/10.1037/a0036136","http://purl.org/dc/elements/1.1/creator","http://madata/rdf/PittigA"
"http://dx.doi.org/10.1037/a0036136","http://purl.org/dc/elements/1.1/creator","http://madata/rdf/SchulzA"
"http://dx.doi.org/10.1037/a0036136","http://purl.org/dc/elements/1.1/creator","http://madata/rdf/CraskeM"
"http://dx.doi.org/10.1037/a0036136","http://purl.org/dc/elements/1.1/creator","http://madata/rdf/AlpersG"
"http://dx.doi.org/10.1037/a0036136","http://purl.org/dc/elements/1.1/title","Acquisition of behavioral avoidance: task-irrelevant conditioned stimuli trigger costly decisions"
"http://dx.doi.org/10.1037/a0036136","http://purl.org/spar/cito/citedBy","http://www.ncbi.nlm.nih.gov/pmc/articles/PMC4100576/"
"http://dx.doi.org/10.1037/a0036136","http://purl.org/spar/cito/citedBy","http://www.sciencedirect.com/science/article/pii/S0887618514000292"
"http://dx.doi.org/10.1037/a0036136","http://purl.org/spar/cito/citedBy","http://www.ncbi.nlm.nih.gov/pmc/articles/PMC4220662/"
"http://dx.doi.org/10.1037/a0036136","http://purl.org/spar/cito/citedBy","http://papers.ssrn.com/sol3/papers.cfm?abstract_id=2546159"
"http://dx.doi.org/10.1037/a0036136","http://purl.org/spar/cito/citedBy","http://www.ncbi.nlm.nih.gov/pmc/articles/PMC4178379/"
"http://dx.doi.org/10.1037/a0036136","http://purl.org/spar/cito/citedBy","http://www.sciencedirect.com/science/article/pii/S0005796715300267"
"http://dx.doi.org/10.3389/fpsyg.2014.01050","http://purl.org/dc/elements/1.1/creator","http://madata/rdf/PittigA"
"http://dx.doi.org/10.3389/fpsyg.2014.01050","http://purl.org/dc/elements/1.1/creator","http://madata/rdf/PawlikowskiM"
"http://dx.doi.org/10.3389/fpsyg.2014.01050","http://purl.org/dc/elements/1.1/creator","http://madata/rdf/CraskeM"
"http://dx.doi.org/10.3389/fpsyg.2014.01050","http://purl.org/dc/elements/1.1/creator","http://madata/rdf/AlpersG"
"http://dx.doi.org/10.3389/fpsyg.2014.01050","http://purl.org/dc/elements/1.1/title","Avoidant decision making in social anxiety: The interaction of angry faces and emotional responses"
"http://dx.doi.org/10.3389/fpsyg.2014.01050","http://purl.org/spar/cito/citedBy","http://www.sciencedirect.com/science/article/pii/S0005796715300267"
"http://www.aclweb.org/anthology/W14-5410","http://purl.org/dc/elements/1.1/creator","http://madata/rdf/WeilandL"
"http://www.aclweb.org/anthology/W14-5410","http://purl.org/dc/elements/1.1/creator","http://madata/rdf/EffelsbergW"
"http://www.aclweb.org/anthology/W14-5410","http://purl.org/dc/elements/1.1/creator","http://madata/rdf/PonzettoS"
"http://www.aclweb.org/anthology/W14-5410","http://purl.org/dc/elements/1.1/title","Weakly supervised construction of a repository of iconic images"
"http://dx.doi.org/10.1016/j.infsof.2015.01.004","http://purl.org/dc/elements/1.1/creator","http://madata/rdf/BrhelM"
"http://dx.doi.org/10.1016/j.infsof.2015.01.004","http://purl.org/dc/elements/1.1/creator","http://madata/rdf/MethH"
"http://dx.doi.org/10.1016/j.infsof.2015.01.004","http://purl.org/dc/elements/1.1/creator","http://madata/rdf/MaedcheA"
"http://dx.doi.org/10.1016/j.infsof.2015.01.004","http://purl.org/dc/elements/1.1/creator","http://madata/rdf/WerderK"
"http://dx.doi.org/10.1016/j.infsof.2015.01.004","http://purl.org/dc/elements/1.1/title","Exploring principles of user-centered agile software development: A literature review"
"http://dx.doi.org/10.1016/j.infsof.2015.01.004","http://purl.org/spar/cito/citedBy","file:///home/kb/build/madata-evaluation/ieeexplore.ieee.org/xpls/abs_all.jsp?arnumber=7302488"
"http://dx.doi.org/10.1016/j.infsof.2015.01.004","http://purl.org/spar/cito/citedBy","http://link.springer.com/chapter/10.1007/978-3-319-22698-9_3"
"http://dx.doi.org/10.1016/j.infsof.2015.01.004","http://purl.org/spar/cito/citedBy","https://books.google.de/books?hl=de&lr=&id=lEquCgAAQBAJ&oi=fnd&pg=PA233&ots=8UJy5d6tdR&sig=gdvKgVW7-OB_fBialpAfcXmdpxE#v=onepage&q&f=false"
"http://dx.doi.org/10.1016/j.infsof.2015.01.004","http://purl.org/spar/cito/citedBy","http://www.researchandinnovationbook.com/PROCEEDINGS/CITA2015/Archives/papers/paper28.pdf"
"http://dx.doi.org/10.1007/978-3-642-39137-8_27","http://purl.org/dc/elements/1.1/creator","http://madata/rdf/LiY"
"http://dx.doi.org/10.1007/978-3-642-39137-8_27","http://purl.org/dc/elements/1.1/creator","http://madata/rdf/SkulasonA"
"http://dx.doi.org/10.1007/978-3-642-39137-8_27","http://purl.org/dc/elements/1.1/title","Uncovering the Effects of Cultural Intelligence on Cross-Cultural Virtual Collaboration Processes"
"http://dl.acm.org/citation.cfm?id=2160895","http://purl.org/dc/elements/1.1/creator","http://madata/rdf/LiY"
"http://dl.acm.org/citation.cfm?id=2160895","http://purl.org/dc/elements/1.1/creator","http://madata/rdf/LiH"
"http://dl.acm.org/citation.cfm?id=2160895","http://purl.org/dc/elements/1.1/creator","http://madata/rdf/MaedcheA"
"http://dl.acm.org/citation.cfm?id=2160895","http://purl.org/dc/elements/1.1/creator","http://madata/rdf/RauP"
"http://dl.acm.org/citation.cfm?id=2160895","http://purl.org/dc/elements/1.1/title","\"Are You a Trustworthy Partner in a Cross-cultural Virtual Environment?\" \u2013 Behavioral Cultural Intelligence and Receptivity-based Trust in Virtual Collaboration"
"http://dl.acm.org/citation.cfm?id=2160895","http://purl.org/spar/cito/citedBy","http://link.springer.com/chapter/10.1007/978-3-642-39137-8_21"
"http://dl.acm.org/citation.cfm?id=2160895","http://purl.org/spar/cito/citedBy","http://dl.acm.org/citation.cfm?id=2775462"
"http://dl.acm.org/citation.cfm?id=2160895","http://purl.org/spar/cito/citedBy","file:///home/kb/build/madata-evaluation/link.springer.com/chapter/10.1007/978-3-642-39137-8_27"
"http://aisel.aisnet.org/icis2012/proceedings/ResearchInProgress/36/","http://purl.org/dc/elements/1.1/creator","http://madata/rdf/LiY"
"http://aisel.aisnet.org/icis2012/proceedings/ResearchInProgress/36/","http://purl.org/dc/elements/1.1/creator","http://madata/rdf/MaedcheA"
"http://aisel.aisnet.org/icis2012/proceedings/ResearchInProgress/36/","http://purl.org/dc/elements/1.1/title","Formulating Effective Coordination Strategies in Agile Global Software Development Teams"
"http://aisel.aisnet.org/icis2012/proceedings/ResearchInProgress/36/","http://purl.org/spar/cito/citedBy","http://ieeexplore.ieee.org/xpls/abs_all.jsp?arnumber=6759189&tag=1"
"http://aisel.aisnet.org/icis2012/proceedings/ResearchInProgress/36/","http://purl.org/spar/cito/citedBy","http://ieeexplore.ieee.org/stamp/stamp.jsp?tp=&arnumber=6759181"
"http://aisel.aisnet.org/icis2012/proceedings/ResearchInProgress/36/","http://purl.org/spar/cito/citedBy","http://aisel.aisnet.org/icis2014/proceedings/ProjectManagement/17/"
"http://aisel.aisnet.org/icis2012/proceedings/ResearchInProgress/36/","http://purl.org/spar/cito/citedBy","http://www.diva-portal.org/smash/record.jsf?pid=diva2%3A830730&dswid=4164"
"http://dx.doi.org/10.1016/j.janxdis.2014.03.001","http://purl.org/dc/elements/1.1/creator","http://madata/rdf/PittigA"
"http://dx.doi.org/10.1016/j.janxdis.2014.03.001","http://purl.org/dc/elements/1.1/creator","http://madata/rdf/BrandM"
"http://dx.doi.org/10.1016/j.janxdis.2014.03.001","http://purl.org/dc/elements/1.1/creator","http://madata/rdf/PawlikowskiM"
"http://dx.doi.org/10.1016/j.janxdis.2014.03.001","http://purl.org/dc/elements/1.1/creator","http://madata/rdf/AlpersG"
"http://dx.doi.org/10.1016/j.janxdis.2014.03.001","http://purl.org/dc/elements/1.1/title","The cost of fear: Avoidant decision making in a spider gambling task"
"http://dx.doi.org/10.1016/j.janxdis.2014.03.001","http://purl.org/spar/cito/citedBy","http://www.ncbi.nlm.nih.gov/pmc/articles/PMC4248815/"
"http://dx.doi.org/10.1016/j.janxdis.2014.03.001","http://purl.org/spar/cito/citedBy","file:///home/kb/build/madata-evaluation/ref09"
"http://dx.doi.org/10.1016/j.janxdis.2014.03.001","http://purl.org/spar/cito/citedBy","http://www.sciencedirect.com/science/article/pii/S0005796715300267"
"https://ub-madoc.bib.uni-mannheim.de/37039","http://purl.org/dc/elements/1.1/creator","http://madata/rdf/MoranaS"
"https://ub-madoc.bib.uni-mannheim.de/37039","http://purl.org/dc/elements/1.1/creator","http://madata/rdf/SchachtS"
"https://ub-madoc.bib.uni-mannheim.de/37039","http://purl.org/dc/elements/1.1/creator","http://madata/rdf/ScherpA"
"https://ub-madoc.bib.uni-mannheim.de/37039","http://purl.org/dc/elements/1.1/creator","http://madata/rdf/MaedcheA"
"https://ub-madoc.bib.uni-mannheim.de/37039","http://purl.org/dc/elements/1.1/title","Designing a Process Guidance System to Support User\u2019s Business Process Compliance"
"https://ub-madoc.bib.uni-mannheim.de/37039","http://purl.org/spar/cito/citedBy","http://link.springer.com/chapter/10.1007/978-3-319-18714-3_32"
"https://ub-madoc.bib.uni-mannheim.de/37039","http://purl.org/spar/cito/citedBy","https://cora.ucc.ie/handle/10468/1814"
"http://aisel.aisnet.org/ecis2015_cr/61/","http://purl.org/dc/elements/1.1/creator","http://madata/rdf/GraupnerE"
"http://aisel.aisnet.org/ecis2015_cr/61/","http://purl.org/dc/elements/1.1/creator","http://madata/rdf/MelcherF"
"http://aisel.aisnet.org/ecis2015_cr/61/","http://purl.org/dc/elements/1.1/creator","http://madata/rdf/DemersD"
"http://aisel.aisnet.org/ecis2015_cr/61/","http://purl.org/dc/elements/1.1/creator","http://madata/rdf/MaedcheA"
"http://aisel.aisnet.org/ecis2015_cr/61/","http://purl.org/dc/elements/1.1/title","Supplements to the paper: Customers' Intention to Use Digital Services in Retail Banking \u2013 An Information Processing Perspective"
"http://aisel.aisnet.org/cgi/viewquote.cgi?article=1126&context=ecis2012","http://purl.org/dc/elements/1.1/creator","http://madata/rdf/HadaschF"
"http://aisel.aisnet.org/cgi/viewquote.cgi?article=1126&context=ecis2012","http://purl.org/dc/elements/1.1/creator","http://madata/rdf/MuellerB"
"http://aisel.aisnet.org/cgi/viewquote.cgi?article=1126&context=ecis2012","http://purl.org/dc/elements/1.1/creator","http://madata/rdf/MaedcheA"
"http://aisel.aisnet.org/cgi/viewquote.cgi?article=1126&context=ecis2012","http://purl.org/dc/elements/1.1/title","Exploring Antecedent Environmental and Organizational Factors to User-Caused Information Leaks: a Qualitative Study"
"http://aisel.aisnet.org/cgi/viewquote.cgi?article=1126&context=ecis2012","http://purl.org/spar/cito/citedBy","http://papers.ssrn.com/sol3/papers.cfm?abstract_id=2033145"
"http://aisel.aisnet.org/cgi/viewquote.cgi?article=1126&context=ecis2012","http://purl.org/spar/cito/citedBy","http://dx.doi.org/10.1108/MRR-04-2013-0085"
"http://aisel.aisnet.org/cgi/viewquote.cgi?article=1126&context=ecis2012","http://purl.org/spar/cito/citedBy","http://link.springer.com/article/10.1007/s10916-013-9984-x"
"http://aisel.aisnet.org/cgi/viewquote.cgi?article=1126&context=ecis2012","http://purl.org/spar/cito/citedBy","https://domino.fov.uni-mb.si/proceedings.nsf/Proceedings/08209464067DDF2AC1257E5B0048279B/$File/1_Alic.pdf"
"http://ub-madoc.bib.uni-mannheim.de/36139/","http://purl.org/dc/elements/1.1/creator","http://madata/rdf/HadaschF"
"http://ub-madoc.bib.uni-mannheim.de/36139/","http://purl.org/dc/elements/1.1/title","Influencing Information Technology Users\u2019 Rule Compliance : Multiple Studies in the Security and Business Process Context"
"http://aisel.aisnet.org/ecis2015_cr/60/","http://purl.org/dc/elements/1.1/creator","http://madata/rdf/GraupnerE"
"http://aisel.aisnet.org/ecis2015_cr/60/","http://purl.org/dc/elements/1.1/creator","http://madata/rdf/SchewerC"
"http://aisel.aisnet.org/ecis2015_cr/60/","http://purl.org/dc/elements/1.1/creator","http://madata/rdf/MaedcheA"
"http://aisel.aisnet.org/ecis2015_cr/60/","http://purl.org/dc/elements/1.1/title","Visibility of Business Processes - An Information Processing Perspective in the Financial Services Industry"
"http://aisel.aisnet.org/ecis2015_cr/60/","http://purl.org/spar/cito/citedBy","http://web.eris.uni-mannheim.de/website_supplements/theses/attachments%5C326%5CThesis%20proposal%20final.pdf"
"http://www.tandfonline.com/doi/abs/10.1080/19386389.2013.778730#.VjdzlJeVtUQ","http://purl.org/dc/elements/1.1/creator","http://madata/rdf/GerolimosM"
"http://www.tandfonline.com/doi/abs/10.1080/19386389.2013.778730#.VjdzlJeVtUQ","http://purl.org/dc/elements/1.1/title","Tagging for libraries: A review of the effectiveness of tagging systems for library catalogs"
"http://www.cqvip.com/qk/95888x/201202/40920550.html","http://purl.org/dc/elements/1.1/title","\u57FA\u4E8E\u6982\u5FF5\u683C\u7684 Folksonomy \u77E5\u8BC6\u7EC4\u7EC7\u7814\u7A76\u2014\u2014TagCloud \u7684\u5C42\u7EA7\u4F53\u7CFB\u6784\u5EFA"
"http://www.cqvip.com/qk/93480x/201305/47338454.html","http://purl.org/dc/elements/1.1/title","\u56FD\u5916\u56FE\u4E66\u9986\u7BA1\u7406\u7814\u7A76\u8FF0\u8BC4"
"http://link.springer.com/chapter/10.1007/978-3-642-24826-9_21","http://purl.org/dc/elements/1.1/creator","http://madata/rdf/ChenS"
"http://link.springer.com/chapter/10.1007/978-3-642-24826-9_21","http://purl.org/dc/elements/1.1/title","User tagging for digital archives: the case of commercial keywords from the grand secretariat"
"http://www.cqvip.com/qk/90226x/201209/43330105.html","http://purl.org/dc/elements/1.1/title","\u57FA\u4E8E\u6807\u7B7E\u4E0E\u7FA4\u7EC4\u7684\u5B66\u672F\u535A\u5BA2\u5728\u5F00\u653E\u5B58\u53D6\u5E73\u53F0\u4E2D\u7684\u5E94\u7528\u7814\u7A76"
"http://trace.tennessee.edu/utk_gradthes/988/","http://purl.org/dc/elements/1.1/creator","http://madata/rdf/KathuriaS"
"http://trace.tennessee.edu/utk_gradthes/988/","http://purl.org/dc/elements/1.1/title","quote analysis of social tags on intersectionality for works on Asian women: an exploratory study of LibraryThing"
"file:///home/kb/build/madata-evaluation/ijidt.com/index.php/ijidt/article/download/4.2.9/200","http://purl.org/dc/elements/1.1/creator","http://madata/rdf/ZaveriP"
"file:///home/kb/build/madata-evaluation/ijidt.com/index.php/ijidt/article/download/4.2.9/200","http://purl.org/dc/elements/1.1/creator","http://madata/rdf/AtkekarM"
"file:///home/kb/build/madata-evaluation/ijidt.com/index.php/ijidt/article/download/4.2.9/200","http://purl.org/dc/elements/1.1/title","Collaborative Tagging in Digital Libraries"
"http://www.cais-acsi.ca/ojs/index.php/cais/article/view/616","http://purl.org/dc/elements/1.1/creator","http://madata/rdf/AjiferukeI"
"http://www.cais-acsi.ca/ojs/index.php/cais/article/view/616","http://purl.org/dc/elements/1.1/creator","http://madata/rdf/GoodfellowJ"
"http://www.cais-acsi.ca/ojs/index.php/cais/article/view/616","http://purl.org/dc/elements/1.1/title","Evaluation of the Effectiveness of Tag as an Access Point in a Public Library OPAC"
"http://195.251.240.254:8080/handle/10184/4103","http://purl.org/dc/elements/1.1/creator","http://madata/rdf/GerolimosM"
"http://195.251.240.254:8080/handle/10184/4103","http://purl.org/dc/elements/1.1/title","Tagging for Libraries: A Review of the Ef-fectiveness of Tagging Systems for Library Catalogs"
"http://www.emeraldinsight.com/doi/full/10.1108/00220410810912451","http://purl.org/dc/elements/1.1/creator","http://madata/rdf/LewandowskiD"
"http://www.emeraldinsight.com/doi/full/10.1108/00220410810912451","http://purl.org/dc/elements/1.1/title","The retrieval effectiveness of web search engines: considering results descriptions"
"http://polaris.bc.unicamp.br/seer/ojs/index.php/rbci/article/view/433","http://purl.org/dc/elements/1.1/creator","http://madata/rdf/FurtadoC"
"http://polaris.bc.unicamp.br/seer/ojs/index.php/rbci/article/view/433","http://purl.org/dc/elements/1.1/title","Educa\u00E7\u00E3o e bibliotecas digitais Education and digital libraries"
"http://eprints.rclis.org/16583/","http://purl.org/dc/elements/1.1/creator","http://madata/rdf/PetersI"
"http://eprints.rclis.org/16583/","http://purl.org/dc/elements/1.1/title","Folksonomies: Nutzergerechte Schlagw\u00F6rter als Indexierungswerkzeug f\u00FCr die Massen"
"http://eprints.rclis.org/16583/","http://purl.org/dc/elements/1.1/creator","http://madata/rdf/EbeidN"
"http://eprints.rclis.org/16583/","http://purl.org/dc/elements/1.1/title","Kataloganreicherung/user-created quote-oder: Wieso funktioniert mein OPAC nicht wie Amazon?"
"http://journals.ub.uni-heidelberg.de/index.php/akmb-news/article/viewFile/6147/1649","http://purl.org/dc/elements/1.1/creator","http://madata/rdf/HohmannG"
"http://journals.ub.uni-heidelberg.de/index.php/akmb-news/article/viewFile/6147/1649","http://purl.org/dc/elements/1.1/title","Social Tagging: Inhaltliche Erschlie\u00DFung durch freie Verschlagwortung und die \u201EKlugheit der Masse\u201C"
"file:///home/kb/build/madata-evaluation/theses.fh-hagenberg.at/system/files/pdf/Kroiss10.pdf","http://purl.org/dc/elements/1.1/creator","http://madata/rdf/KroissA"
"file:///home/kb/build/madata-evaluation/theses.fh-hagenberg.at/system/files/pdf/Kroiss10.pdf","http://purl.org/dc/elements/1.1/title","Computerunterst\u00FCtzte Tagging-Verfahren f\u00FCr Dokumente im Web"
"http://psycnet.apa.org/journals/emo/11/4/860/","http://purl.org/dc/elements/1.1/creator","http://madata/rdf/EisenbarthH"
"http://psycnet.apa.org/journals/emo/11/4/860/","http://purl.org/dc/elements/1.1/creator","http://madata/rdf/AlpersG"
"http://psycnet.apa.org/journals/emo/11/4/860/","http://purl.org/dc/elements/1.1/title","Happy mouth and sad eyes: scanning emotional facial expressions."
"http://www.sciencedirect.com/science/article/pii/S0301051112001093","http://purl.org/dc/elements/1.1/creator","http://madata/rdf/WangelinB"
"http://www.sciencedirect.com/science/article/pii/S0301051112001093","http://purl.org/dc/elements/1.1/creator","http://madata/rdf/BradleyM"
"http://www.sciencedirect.com/science/article/pii/S0301051112001093","http://purl.org/dc/elements/1.1/creator","http://madata/rdf/KastnerA"
"http://www.sciencedirect.com/science/article/pii/S0301051112001093","http://purl.org/dc/elements/1.1/creator","http://madata/rdf/LangP"
"http://www.sciencedirect.com/science/article/pii/S0301051112001093","http://purl.org/dc/elements/1.1/title","Affective engagement for facial expressions and emotional scenes: the influence of social anxiety"
"http://www.cpcjournal.org/doi/abs/10.1597/08-244","http://purl.org/dc/elements/1.1/creator","http://madata/rdf/Meyer-MarcottyP"
"http://www.cpcjournal.org/doi/abs/10.1597/08-244","http://purl.org/dc/elements/1.1/creator","http://madata/rdf/GerdesA"
"http://www.cpcjournal.org/doi/abs/10.1597/08-244","http://purl.org/dc/elements/1.1/creator","http://madata/rdf/StellzigE"
"http://www.cpcjournal.org/doi/abs/10.1597/08-244","http://purl.org/dc/elements/1.1/creator","http://madata/rdf/AlpersG"
"http://www.cpcjournal.org/doi/abs/10.1597/08-244","http://purl.org/dc/elements/1.1/title","Visual face perception of adults with unilateral cleft lip and palate in comparison to controls-an eye-tracking study"
"http://www.sciencedirect.com/science/article/pii/S0167876012006782","http://purl.org/dc/elements/1.1/creator","http://madata/rdf/SmithE"
"http://www.sciencedirect.com/science/article/pii/S0167876012006782","http://purl.org/dc/elements/1.1/creator","http://madata/rdf/MoranT"
"http://www.sciencedirect.com/science/article/pii/S0167876012006782","http://purl.org/dc/elements/1.1/creator","http://madata/rdf/HajcakG"
"http://www.sciencedirect.com/science/article/pii/S0167876012006782","http://purl.org/dc/elements/1.1/title","Electrocortical responses to NIMSTIM facial expressions of emotion"
"http://www.ncbi.nlm.nih.gov/pmc/articles/PMC3685720/","http://purl.org/dc/elements/1.1/creator","http://madata/rdf/AdolphD"
"http://www.ncbi.nlm.nih.gov/pmc/articles/PMC3685720/","http://purl.org/dc/elements/1.1/creator","http://madata/rdf/MeisterL"
"http://www.ncbi.nlm.nih.gov/pmc/articles/PMC3685720/","http://purl.org/dc/elements/1.1/creator","http://madata/rdf/PauseB"
"http://www.ncbi.nlm.nih.gov/pmc/articles/PMC3685720/","http://purl.org/dc/elements/1.1/title","Context counts! social anxiety modulates the processing of fearful faces in the context of chemosensory anxiety signals"
"http://www.sciencedirect.com/science/article/pii/S0191886910006227","http://purl.org/dc/elements/1.1/creator","http://madata/rdf/AndersonN"
"http://www.sciencedirect.com/science/article/pii/S0191886910006227","http://purl.org/dc/elements/1.1/creator","http://madata/rdf/WanL"
"http://www.sciencedirect.com/science/article/pii/S0191886910006227","http://purl.org/dc/elements/1.1/creator","http://madata/rdf/YoungK"
"http://www.sciencedirect.com/science/article/pii/S0191886910006227","http://purl.org/dc/elements/1.1/creator","http://madata/rdf/StanfordM"
"http://www.sciencedirect.com/science/article/pii/S0191886910006227","http://purl.org/dc/elements/1.1/title","Psychopathic traits predict startle habituation but not modulation in an emotional faces task"
"http://www.tandfonline.com/doi/abs/10.1080/08964289.2013.818932","http://purl.org/dc/elements/1.1/creator","http://madata/rdf/Wei\u00DFS"
"http://www.tandfonline.com/doi/abs/10.1080/08964289.2013.818932","http://purl.org/dc/elements/1.1/creator","http://madata/rdf/WinkelmannA"
"http://www.tandfonline.com/doi/abs/10.1080/08964289.2013.818932","http://purl.org/dc/elements/1.1/creator","http://madata/rdf/DuschekS"
"http://www.tandfonline.com/doi/abs/10.1080/08964289.2013.818932","http://purl.org/dc/elements/1.1/title","Recognition of facially expressed emotions in patients with fibromyalgia syndrome"
"http://www.tandfonline.com/doi/abs/10.1080/02699931.2015.1049124","http://purl.org/dc/elements/1.1/creator","http://madata/rdf/CalvoM"
"http://www.tandfonline.com/doi/abs/10.1080/02699931.2015.1049124","http://purl.org/dc/elements/1.1/creator","http://madata/rdf/NummenmaaL"
"http://www.tandfonline.com/doi/abs/10.1080/02699931.2015.1049124","http://purl.org/dc/elements/1.1/title","Perceptual and affective mechanisms in facial expression recognition: An integrative review"
"http://www.jstor.org/stable/10.5406/amerjpsyc.125.4.0409#pdf_only_tab_quotes","http://purl.org/dc/elements/1.1/creator","http://madata/rdf/AltarribaJ"
"http://www.jstor.org/stable/10.5406/amerjpsyc.125.4.0409#pdf_only_tab_quotes","http://purl.org/dc/elements/1.1/title","Emotion and Mood: Over 120 Years of Contemplation and Exploration in The American Journal of Psychology"
"http://www.ncbi.nlm.nih.gov/pmc/articles/PMC4178379/","http://purl.org/dc/elements/1.1/creator","http://madata/rdf/PittigA"
"http://www.ncbi.nlm.nih.gov/pmc/articles/PMC4178379/","http://purl.org/dc/elements/1.1/creator","http://madata/rdf/PawlikowskiM"
"http://www.ncbi.nlm.nih.gov/pmc/articles/PMC4178379/","http://purl.org/dc/elements/1.1/creator","http://madata/rdf/CraskeM"
"http://www.ncbi.nlm.nih.gov/pmc/articles/PMC4178379/","http://purl.org/dc/elements/1.1/creator","http://madata/rdf/AlpersG"
"http://www.ncbi.nlm.nih.gov/pmc/articles/PMC4178379/","http://purl.org/dc/elements/1.1/title","Avoidant decision making in social anxiety: the interaction of angry faces and emotional responses"
"http://iwc.oxfordjournals.org/quote/early/2015/08/02/iwc.iwv028.short","http://purl.org/dc/elements/1.1/creator","http://madata/rdf/VenesvirtaH"
"http://iwc.oxfordjournals.org/quote/early/2015/08/02/iwc.iwv028.short","http://purl.org/dc/elements/1.1/creator","http://madata/rdf/SurakkaV"
"http://iwc.oxfordjournals.org/quote/early/2015/08/02/iwc.iwv028.short","http://purl.org/dc/elements/1.1/creator","http://madata/rdf/GizatdinovaY"
"http://iwc.oxfordjournals.org/quote/early/2015/08/02/iwc.iwv028.short","http://purl.org/dc/elements/1.1/creator","http://madata/rdf/LylykangasJ"
"http://iwc.oxfordjournals.org/quote/early/2015/08/02/iwc.iwv028.short","http://purl.org/dc/elements/1.1/creator","http://madata/rdf/SpakovO"
"http://iwc.oxfordjournals.org/quote/early/2015/08/02/iwc.iwv028.short","http://purl.org/dc/elements/1.1/creator","http://madata/rdf/VerhoJ"
"http://iwc.oxfordjournals.org/quote/early/2015/08/02/iwc.iwv028.short","http://purl.org/dc/elements/1.1/creator","http://madata/rdf/VetekA"
"http://iwc.oxfordjournals.org/quote/early/2015/08/02/iwc.iwv028.short","http://purl.org/dc/elements/1.1/creator","http://madata/rdf/LekkalaJ"
"http://iwc.oxfordjournals.org/quote/early/2015/08/02/iwc.iwv028.short","http://purl.org/dc/elements/1.1/title","Emotional Reactions to Point-Light Display Animations"
"https://www.duo.uio.no/handle/10852/35161","http://purl.org/dc/elements/1.1/creator","http://madata/rdf/KraftB"
"https://www.duo.uio.no/handle/10852/35161","http://purl.org/dc/elements/1.1/title","Inhibition and rumination in remitted major depressive disorder"
"http://academicworks.cuny.edu/cgi/viewquote.cgi?article=1387&context=gc_etds","http://purl.org/dc/elements/1.1/creator","http://madata/rdf/StatuckaM"
"http://academicworks.cuny.edu/cgi/viewquote.cgi?article=1387&context=gc_etds","http://purl.org/dc/elements/1.1/title","Facial Affect Recognition and Social Functioning in Individuals at Risk for Schizophrenia Spectrum Disorders"
"http://www.theses.fr/2013PA05H121","http://purl.org/dc/elements/1.1/creator","http://madata/rdf/AiteA"
"http://www.theses.fr/2013PA05H121","http://purl.org/dc/elements/1.1/title","Processus \u00E9motionnels et cognitifs dans le d\u00E9veloppement des capacit\u00E9s de prise de d\u00E9cision sous ambigu\u00EFt\u00E9"
"http://dl.acm.org/citation.cfm?id=2399037","http://purl.org/dc/elements/1.1/creator","http://madata/rdf/KuusinenK"
"http://dl.acm.org/citation.cfm?id=2399037","http://purl.org/dc/elements/1.1/creator","http://madata/rdf/V\u00E4\u00E4n\u00E4nen-Vainio-MattilaK"
"http://dl.acm.org/citation.cfm?id=2399037","http://purl.org/dc/elements/1.1/title","How to make agile UX work more efficient: management and sales perspectives"
"http://papers.ssrn.com/sol3/papers.cfm?abstract_id=2033145","http://purl.org/dc/elements/1.1/creator","http://madata/rdf/MaedcheA"
"http://papers.ssrn.com/sol3/papers.cfm?abstract_id=2033145","http://purl.org/dc/elements/1.1/creator","http://madata/rdf/MuellerB"
"http://papers.ssrn.com/sol3/papers.cfm?abstract_id=2033145","http://purl.org/dc/elements/1.1/title","Enterprise Systems\u2013A Research Agenda"
"http://citeseerx.ist.psu.edu/viewdoc/download?doi=10.1.1.258.6574&rep=rep1&type=pdf","http://purl.org/dc/elements/1.1/creator","http://madata/rdf/PashaM"
"http://citeseerx.ist.psu.edu/viewdoc/download?doi=10.1.1.258.6574&rep=rep1&type=pdf","http://purl.org/dc/elements/1.1/title","Developing Business Process Management Capabilities of Undergraduate IT Students"
"http://link.springer.com/chapter/10.1007/978-3-642-36285-9_47","http://purl.org/dc/elements/1.1/creator","http://madata/rdf/TangJ"
"http://link.springer.com/chapter/10.1007/978-3-642-36285-9_47","http://purl.org/dc/elements/1.1/creator","http://madata/rdf/PeeL"
"http://link.springer.com/chapter/10.1007/978-3-642-36285-9_47","http://purl.org/dc/elements/1.1/creator","http://madata/rdf/JunichiI"
"http://link.springer.com/chapter/10.1007/978-3-642-36285-9_47","http://purl.org/dc/elements/1.1/title","Business process orientation: an empirical study of its impact on employees' innovativeness"
"http://link.springer.com/chapter/10.1007/978-3-662-43820-6_13#page-1","http://purl.org/dc/elements/1.1/creator","http://madata/rdf/StuckenbergS"
"http://link.springer.com/chapter/10.1007/978-3-662-43820-6_13#page-1","http://purl.org/dc/elements/1.1/creator","http://madata/rdf/KudeT"
"http://link.springer.com/chapter/10.1007/978-3-662-43820-6_13#page-1","http://purl.org/dc/elements/1.1/creator","http://madata/rdf/HeinzlA"
"http://link.springer.com/chapter/10.1007/978-3-662-43820-6_13#page-1","http://purl.org/dc/elements/1.1/title","Understanding the role of organizational integration in developing and operating Software-as-a-Service"
"http://www.researchgate.net/profile/Karl_Werder/publication/272360138_Exploring_Principles_of_User-Centered_Agile_Software_Development_A_Literature_Review/links/55003b0f0cf260c99e8f892d.pdf","http://purl.org/dc/elements/1.1/creator","http://madata/rdf/MaecheA"
"http://www.researchgate.net/profile/Karl_Werder/publication/272360138_Exploring_Principles_of_User-Centered_Agile_Software_Development_A_Literature_Review/links/55003b0f0cf260c99e8f892d.pdf","http://purl.org/dc/elements/1.1/creator","http://madata/rdf/WerderK"
"http://www.researchgate.net/profile/Karl_Werder/publication/272360138_Exploring_Principles_of_User-Centered_Agile_Software_Development_A_Literature_Review/links/55003b0f0cf260c99e8f892d.pdf","http://purl.org/dc/elements/1.1/title","Exploring Principles of User-Centered Agile Software Development: A Literature Review"
"http://www.pacis-net.org/file/2012/PACIS2012-155.pdf","http://purl.org/dc/elements/1.1/creator","http://madata/rdf/StuckenbergS"
"http://www.pacis-net.org/file/2012/PACIS2012-155.pdf","http://purl.org/dc/elements/1.1/title","Exploring The Role Of Integration In Software-As-A-Service Failure"
"http://dspace.cc.tut.fi/dpub/handle/123456789/21376","http://purl.org/dc/elements/1.1/creator","http://madata/rdf/OllbergK"
"http://dspace.cc.tut.fi/dpub/handle/123456789/21376","http://purl.org/dc/elements/1.1/title","User Experience as a basis for Management Decision Making Processes"
"http://dl.acm.org/citation.cfm?id=2399037","http://purl.org/dc/elements/1.1/creator","http://madata/rdf/KuusinenK"
"http://dl.acm.org/citation.cfm?id=2399037","http://purl.org/dc/elements/1.1/creator","http://madata/rdf/V\u00E4\u00E4n\u00E4nen-Vainio-MattilaK"
"http://dl.acm.org/citation.cfm?id=2399037","http://purl.org/dc/elements/1.1/title","How to make agile UX work more efficient: management and sales perspectives"
"http://papers.ssrn.com/sol3/papers.cfm?abstract_id=2033145","http://purl.org/dc/elements/1.1/creator","http://madata/rdf/MaedcheA"
"http://papers.ssrn.com/sol3/papers.cfm?abstract_id=2033145","http://purl.org/dc/elements/1.1/creator","http://madata/rdf/MuellerB"
"http://papers.ssrn.com/sol3/papers.cfm?abstract_id=2033145","http://purl.org/dc/elements/1.1/title","Enterprise Systems\u2013A Research Agenda"
"http://citeseerx.ist.psu.edu/viewdoc/download?doi=10.1.1.258.6574&rep=rep1&type=pdf","http://purl.org/dc/elements/1.1/creator","http://madata/rdf/PashaM"
"http://citeseerx.ist.psu.edu/viewdoc/download?doi=10.1.1.258.6574&rep=rep1&type=pdf","http://purl.org/dc/elements/1.1/title","Developing Business Process Management Capabilities of Undergraduate IT Students"
"http://link.springer.com/chapter/10.1007/978-3-642-36285-9_47","http://purl.org/dc/elements/1.1/creator","http://madata/rdf/TangJ"
"http://link.springer.com/chapter/10.1007/978-3-642-36285-9_47","http://purl.org/dc/elements/1.1/creator","http://madata/rdf/PeeL"
"http://link.springer.com/chapter/10.1007/978-3-642-36285-9_47","http://purl.org/dc/elements/1.1/creator","http://madata/rdf/JunichiI"
"http://link.springer.com/chapter/10.1007/978-3-642-36285-9_47","http://purl.org/dc/elements/1.1/title","Business process orientation: an empirical study of its impact on employees' innovativeness"
"http://link.springer.com/chapter/10.1007/978-3-662-43820-6_13#page-1","http://purl.org/dc/elements/1.1/creator","http://madata/rdf/StuckenbergS"
"http://link.springer.com/chapter/10.1007/978-3-662-43820-6_13#page-1","http://purl.org/dc/elements/1.1/creator","http://madata/rdf/KudeT"
"http://link.springer.com/chapter/10.1007/978-3-662-43820-6_13#page-1","http://purl.org/dc/elements/1.1/creator","http://madata/rdf/HeinzlA"
"http://link.springer.com/chapter/10.1007/978-3-662-43820-6_13#page-1","http://purl.org/dc/elements/1.1/title","Understanding the role of organizational integration in developing and operating Software-as-a-Service"
"http://www.researchgate.net/profile/Karl_Werder/publication/272360138_Exploring_Principles_of_User-Centered_Agile_Software_Development_A_Literature_Review/links/55003b0f0cf260c99e8f892d.pdf","http://purl.org/dc/elements/1.1/creator","http://madata/rdf/MaecheA"
"http://www.researchgate.net/profile/Karl_Werder/publication/272360138_Exploring_Principles_of_User-Centered_Agile_Software_Development_A_Literature_Review/links/55003b0f0cf260c99e8f892d.pdf","http://purl.org/dc/elements/1.1/creator","http://madata/rdf/WerderK"
"http://www.researchgate.net/profile/Karl_Werder/publication/272360138_Exploring_Principles_of_User-Centered_Agile_Software_Development_A_Literature_Review/links/55003b0f0cf260c99e8f892d.pdf","http://purl.org/dc/elements/1.1/title","Exploring Principles of User-Centered Agile Software Development: A Literature Review"
"http://www.pacis-net.org/file/2012/PACIS2012-155.pdf","http://purl.org/dc/elements/1.1/creator","http://madata/rdf/StuckenbergS"
"http://www.pacis-net.org/file/2012/PACIS2012-155.pdf","http://purl.org/dc/elements/1.1/title","Exploring The Role Of Integration In Software-As-A-Service Failure"
"http://dspace.cc.tut.fi/dpub/handle/123456789/21376","http://purl.org/dc/elements/1.1/creator","http://madata/rdf/OllbergK"
"http://dspace.cc.tut.fi/dpub/handle/123456789/21376","http://purl.org/dc/elements/1.1/title","User Experience as a basis for Management Decision Making Processes"
"http://link.springer.com/chapter/10.1007/978-3-319-07443-6_20#page-1","http://purl.org/dc/elements/1.1/creator","http://madata/rdf/DuttaA"
"http://link.springer.com/chapter/10.1007/978-3-319-07443-6_20#page-1","http://purl.org/dc/elements/1.1/creator","http://madata/rdf/MeilickeC"
"http://link.springer.com/chapter/10.1007/978-3-319-07443-6_20#page-1","http://purl.org/dc/elements/1.1/creator","http://madata/rdf/PonzettoS"
"http://link.springer.com/chapter/10.1007/978-3-319-07443-6_20#page-1","http://purl.org/dc/elements/1.1/title","A probabilistic approach for integrating heterogeneous knowledge sources"
"http://citeseerx.ist.psu.edu/viewdoc/download?doi=10.1.1.403.846&rep=rep1&type=pdf","http://purl.org/dc/elements/1.1/creator","http://madata/rdf/HellmannS"
"http://citeseerx.ist.psu.edu/viewdoc/download?doi=10.1.1.403.846&rep=rep1&type=pdf","http://purl.org/dc/elements/1.1/creator","http://madata/rdf/FilipowskaA"
"http://citeseerx.ist.psu.edu/viewdoc/download?doi=10.1.1.403.846&rep=rep1&type=pdf","http://purl.org/dc/elements/1.1/creator","http://madata/rdf/Barri\u00E8reC"
"http://citeseerx.ist.psu.edu/viewdoc/download?doi=10.1.1.403.846&rep=rep1&type=pdf","http://purl.org/dc/elements/1.1/creator","http://madata/rdf/MendesP"
"http://citeseerx.ist.psu.edu/viewdoc/download?doi=10.1.1.403.846&rep=rep1&type=pdf","http://purl.org/dc/elements/1.1/creator","http://madata/rdf/KontokostasD"
"http://citeseerx.ist.psu.edu/viewdoc/download?doi=10.1.1.403.846&rep=rep1&type=pdf","http://purl.org/dc/elements/1.1/title","NLP and DBpedia: An Upward Knowledge Acquisition Spiral"
"https://books.google.de/books?hl=de&lr=&id=e93YBAAAQBAJ&oi=fnd&pg=PA111&ots=PnV5FcdkuD&sig=dSvmblWprVAr7Bii7Wfyrh0qRYM#v=onepage&q&f=false","http://purl.org/dc/elements/1.1/creator","http://madata/rdf/DuttaA"
"https://books.google.de/books?hl=de&lr=&id=e93YBAAAQBAJ&oi=fnd&pg=PA111&ots=PnV5FcdkuD&sig=dSvmblWprVAr7Bii7Wfyrh0qRYM#v=onepage&q&f=false","http://purl.org/dc/elements/1.1/creator","http://madata/rdf/MeilickeC"
"https://books.google.de/books?hl=de&lr=&id=e93YBAAAQBAJ&oi=fnd&pg=PA111&ots=PnV5FcdkuD&sig=dSvmblWprVAr7Bii7Wfyrh0qRYM#v=onepage&q&f=false","http://purl.org/dc/elements/1.1/creator","http://madata/rdf/StuckenschmidtH"
"https://books.google.de/books?hl=de&lr=&id=e93YBAAAQBAJ&oi=fnd&pg=PA111&ots=PnV5FcdkuD&sig=dSvmblWprVAr7Bii7Wfyrh0qRYM#v=onepage&q&f=false","http://purl.org/dc/elements/1.1/title","Semantifying triples from open information extraction systems"
"http://www.qucosa.de/recherche/frontdoor/cache.off?tx_slubopus4frontend[id]=urn%3Anbn%3Ade%3Absz%3A15-qucosa-157932","http://purl.org/dc/elements/1.1/creator","http://madata/rdf/HellmannS"
"http://www.qucosa.de/recherche/frontdoor/cache.off?tx_slubopus4frontend[id]=urn%3Anbn%3Ade%3Absz%3A15-qucosa-157932","http://purl.org/dc/elements/1.1/title","Integrating Natural Language Processing (NLP) and Language Resources Using Linked Data"
"http://link.springer.com/chapter/10.1007/978-3-319-07983-7_11#page-1","http://purl.org/dc/elements/1.1/creator","http://madata/rdf/DuttaA"
"http://link.springer.com/chapter/10.1007/978-3-319-07983-7_11#page-1","http://purl.org/dc/elements/1.1/creator","http://madata/rdf/SchuhmacherM"
"http://link.springer.com/chapter/10.1007/978-3-319-07983-7_11#page-1","http://purl.org/dc/elements/1.1/title","Entity Linking for Open Information Extraction"
"http://www.aaai.org/ocs/index.php/WS/AAAIW14/paper/view/8722","http://purl.org/dc/elements/1.1/creator","http://madata/rdf/NiepertM"
"http://www.aaai.org/ocs/index.php/WS/AAAIW14/paper/view/8722","http://purl.org/dc/elements/1.1/creator","http://madata/rdf/DomingosP"
"http://www.aaai.org/ocs/index.php/WS/AAAIW14/paper/view/8722","http://purl.org/dc/elements/1.1/title","Tractable Probabilistic Knowledge Bases: Wikipedia and Beyond"
"http://dl.acm.org/citation.cfm?id=2556202","http://purl.org/dc/elements/1.1/creator","http://madata/rdf/DuttaA"
"http://dl.acm.org/citation.cfm?id=2556202","http://purl.org/dc/elements/1.1/title","Integration of large scale knowledge bases using probabilistic graphical models"
"http://dl.acm.org/citation.cfm?id=2741139","http://purl.org/dc/elements/1.1/creator","http://madata/rdf/DuttaA"
"http://dl.acm.org/citation.cfm?id=2741139","http://purl.org/dc/elements/1.1/creator","http://madata/rdf/MeilickeC"
"http://dl.acm.org/citation.cfm?id=2741139","http://purl.org/dc/elements/1.1/creator","http://madata/rdf/StuckenschmidtH"
"http://dl.acm.org/citation.cfm?id=2741139","http://purl.org/dc/elements/1.1/title","Enriching Structured Knowledge with Open Information"
"http://www.akbc.ws/2014/submissions/akbc2014_submission_28.pdf","http://purl.org/dc/elements/1.1/creator","http://madata/rdf/NiepertM"
"http://www.akbc.ws/2014/submissions/akbc2014_submission_28.pdf","http://purl.org/dc/elements/1.1/creator","http://madata/rdf/SinghS"
"http://www.akbc.ws/2014/submissions/akbc2014_submission_28.pdf","http://purl.org/dc/elements/1.1/title","Out of Many, One: Unifying Web-Extracted Knowledge Bases"
"http://www.igi-global.com/article/improving-the-quality-of-linked-data-using-statistical-distributions/116452","http://purl.org/dc/elements/1.1/creator","http://madata/rdf/PaulheimH"
"http://www.igi-global.com/article/improving-the-quality-of-linked-data-using-statistical-distributions/116452","http://purl.org/dc/elements/1.1/creator","http://madata/rdf/BizerC"
"http://www.igi-global.com/article/improving-the-quality-of-linked-data-using-statistical-distributions/116452","http://purl.org/dc/elements/1.1/title","Improving the quality of linked data using statistical distributions"
"http://ceur-ws.org/Vol-1162/WoDOOM14-proceedings.pdf#page=33","http://purl.org/dc/elements/1.1/creator","http://madata/rdf/PaulheimH"
"http://ceur-ws.org/Vol-1162/WoDOOM14-proceedings.pdf#page=33","http://purl.org/dc/elements/1.1/title","Identifying wrong links between datasets by multi-dimensional outlier detection"
"https://books.google.de/books?hl=de&lr=&id=e93YBAAAQBAJ&oi=fnd&pg=PA111&ots=PnV5FdcoyF&sig=6V93jKGmnVtAIMz_-ppAdGARS70#v=onepage&q&f=false","http://purl.org/dc/elements/1.1/creator","http://madata/rdf/DuttaA"
"https://books.google.de/books?hl=de&lr=&id=e93YBAAAQBAJ&oi=fnd&pg=PA111&ots=PnV5FdcoyF&sig=6V93jKGmnVtAIMz_-ppAdGARS70#v=onepage&q&f=false","http://purl.org/dc/elements/1.1/creator","http://madata/rdf/MeilickeC"
"https://books.google.de/books?hl=de&lr=&id=e93YBAAAQBAJ&oi=fnd&pg=PA111&ots=PnV5FdcoyF&sig=6V93jKGmnVtAIMz_-ppAdGARS70#v=onepage&q&f=false","http://purl.org/dc/elements/1.1/title","Semantifying triples from open information extraction systems"
"http://wwwusers.di.uniroma1.it/~dellibovi/pubs/EMNLP15.pdf","http://purl.org/dc/elements/1.1/creator","http://madata/rdf/BoviC"
"http://wwwusers.di.uniroma1.it/~dellibovi/pubs/EMNLP15.pdf","http://purl.org/dc/elements/1.1/creator","http://madata/rdf/Espinosa-AnkeL"
"http://wwwusers.di.uniroma1.it/~dellibovi/pubs/EMNLP15.pdf","http://purl.org/dc/elements/1.1/creator","http://madata/rdf/NavigliR"
"http://wwwusers.di.uniroma1.it/~dellibovi/pubs/EMNLP15.pdf","http://purl.org/dc/elements/1.1/title","Knowledge Base Unification via Sense Embeddings and Disambiguation"
"http://wwwusers.di.uniroma1.it/~dellibovi/pubs/EMNLP15.pdf","http://purl.org/dc/elements/1.1/creator","http://madata/rdf/LiuW"
"http://wwwusers.di.uniroma1.it/~dellibovi/pubs/EMNLP15.pdf","http://purl.org/dc/elements/1.1/creator","http://madata/rdf/LiuJ"
"http://wwwusers.di.uniroma1.it/~dellibovi/pubs/EMNLP15.pdf","http://purl.org/dc/elements/1.1/creator","http://madata/rdf/QianY"
"http://wwwusers.di.uniroma1.it/~dellibovi/pubs/EMNLP15.pdf","http://purl.org/dc/elements/1.1/creator","http://madata/rdf/WeiB"
"http://wwwusers.di.uniroma1.it/~dellibovi/pubs/EMNLP15.pdf","http://purl.org/dc/elements/1.1/creator","http://madata/rdf/ZhengQ"
"http://wwwusers.di.uniroma1.it/~dellibovi/pubs/EMNLP15.pdf","http://purl.org/dc/elements/1.1/title","Truth Discovery to Resolve Object Conflicts in Linked Data"
"https://tacl2013.cs.columbia.edu/ojs/index.php/tacl/article/view/660","http://purl.org/dc/elements/1.1/creator","http://madata/rdf/BoviC"
"https://tacl2013.cs.columbia.edu/ojs/index.php/tacl/article/view/660","http://purl.org/dc/elements/1.1/creator","http://madata/rdf/TelescaL"
"https://tacl2013.cs.columbia.edu/ojs/index.php/tacl/article/view/660","http://purl.org/dc/elements/1.1/creator","http://madata/rdf/NavigliR"
"https://tacl2013.cs.columbia.edu/ojs/index.php/tacl/article/view/660","http://purl.org/dc/elements/1.1/title","Large-Scale Information Extraction from Textual Definitions through Deep Syntactic and Semantic Analysis"
"http://www.semantic-web-journal.net/system/files/swj1083.pdf","http://purl.org/dc/elements/1.1/creator","http://madata/rdf/PaulheimH"
"http://www.semantic-web-journal.net/system/files/swj1083.pdf","http://purl.org/dc/elements/1.1/title","Automatic Knowledge Graph Refinement: A Survey of Approaches and Evaluation Methods"
"http://dl.acm.org/citation.cfm?id=2741139","http://purl.org/dc/elements/1.1/creator","http://madata/rdf/DuttaA"
"http://dl.acm.org/citation.cfm?id=2741139","http://purl.org/dc/elements/1.1/creator","http://madata/rdf/MeilickeC"
"http://dl.acm.org/citation.cfm?id=2741139","http://purl.org/dc/elements/1.1/creator","http://madata/rdf/StuckenschmidtH"
"http://dl.acm.org/citation.cfm?id=2741139","http://purl.org/dc/elements/1.1/title","Enriching Structured Knowledge with Open Information"
"file:///home/kb/build/madata-evaluation/www.mtg.upf.es/system/files/publications/CIM14_MAIN.pdf","http://purl.org/dc/elements/1.1/creator","http://madata/rdf/DuttaA"
"file:///home/kb/build/madata-evaluation/www.mtg.upf.es/system/files/publications/CIM14_MAIN.pdf","http://purl.org/dc/elements/1.1/creator","http://madata/rdf/MeilickeC"
"file:///home/kb/build/madata-evaluation/www.mtg.upf.es/system/files/publications/CIM14_MAIN.pdf","http://purl.org/dc/elements/1.1/creator","http://madata/rdf/StuckenschmidtH"
"file:///home/kb/build/madata-evaluation/www.mtg.upf.es/system/files/publications/CIM14_MAIN.pdf","http://purl.org/dc/elements/1.1/title","Automatic creation of knowledge graphs from digital musical document libraries"
"http://www.ncbi.nlm.nih.gov/pmc/articles/PMC4100576/","http://purl.org/dc/elements/1.1/creator","http://madata/rdf/BublatzkyF"
"http://www.ncbi.nlm.nih.gov/pmc/articles/PMC4100576/","http://purl.org/dc/elements/1.1/creator","http://madata/rdf/GerdesA"
"http://www.ncbi.nlm.nih.gov/pmc/articles/PMC4100576/","http://purl.org/dc/elements/1.1/creator","http://madata/rdf/WhiteA"
"http://www.ncbi.nlm.nih.gov/pmc/articles/PMC4100576/","http://purl.org/dc/elements/1.1/creator","http://madata/rdf/RiemerM"
"http://www.ncbi.nlm.nih.gov/pmc/articles/PMC4100576/","http://purl.org/dc/elements/1.1/creator","http://madata/rdf/AlpersG"
"http://www.ncbi.nlm.nih.gov/pmc/articles/PMC4100576/","http://purl.org/dc/elements/1.1/title","Social and emotional relevance in face processing: happy faces of future interaction partners enhance the late positive potential"
"http://www.sciencedirect.com/science/article/pii/S0887618514000292","http://purl.org/dc/elements/1.1/creator","http://madata/rdf/PittigA"
"http://www.sciencedirect.com/science/article/pii/S0887618514000292","http://purl.org/dc/elements/1.1/creator","http://madata/rdf/Brandm"
"http://www.sciencedirect.com/science/article/pii/S0887618514000292","http://purl.org/dc/elements/1.1/creator","http://madata/rdf/PawlikowskiM"
"http://www.sciencedirect.com/science/article/pii/S0887618514000292","http://purl.org/dc/elements/1.1/creator","http://madata/rdf/AlpersG"
"http://www.sciencedirect.com/science/article/pii/S0887618514000292","http://purl.org/dc/elements/1.1/title","The cost of fear: avoidant decision making in a spider gambling task"
"http://www.ncbi.nlm.nih.gov/pmc/articles/PMC4220662/","http://purl.org/dc/elements/1.1/creator","http://madata/rdf/DerntlB"
"http://www.ncbi.nlm.nih.gov/pmc/articles/PMC4220662/","http://purl.org/dc/elements/1.1/creator","http://madata/rdf/PintzingerN"
"http://www.ncbi.nlm.nih.gov/pmc/articles/PMC4220662/","http://purl.org/dc/elements/1.1/creator","http://madata/rdf/Kryspin-ExnerI"
"http://www.ncbi.nlm.nih.gov/pmc/articles/PMC4220662/","http://purl.org/dc/elements/1.1/creator","http://madata/rdf/Sch\u00F6pfv"
"http://www.ncbi.nlm.nih.gov/pmc/articles/PMC4220662/","http://purl.org/dc/elements/1.1/title","The impact of sex hormone concentrations on decision-making in females and males"
"http://papers.ssrn.com/sol3/papers.cfm?abstract_id=2546159","http://purl.org/dc/elements/1.1/creator","http://madata/rdf/KrellM"
"http://papers.ssrn.com/sol3/papers.cfm?abstract_id=2546159","http://purl.org/dc/elements/1.1/title","Fear and Loathing in the Judicial Process: Comparative Case Studies of Judicial Responses to Terrorism"
"http://www.ncbi.nlm.nih.gov/pmc/articles/PMC4178379/","http://purl.org/dc/elements/1.1/creator","http://madata/rdf/PittigA"
"http://www.ncbi.nlm.nih.gov/pmc/articles/PMC4178379/","http://purl.org/dc/elements/1.1/creator","http://madata/rdf/PawlinowskiM"
"http://www.ncbi.nlm.nih.gov/pmc/articles/PMC4178379/","http://purl.org/dc/elements/1.1/creator","http://madata/rdf/CraskeM"
"http://www.ncbi.nlm.nih.gov/pmc/articles/PMC4178379/","http://purl.org/dc/elements/1.1/creator","http://madata/rdf/AlpersG"
"http://www.ncbi.nlm.nih.gov/pmc/articles/PMC4178379/","http://purl.org/dc/elements/1.1/title","Avoidant decision making in social anxiety: the interaction of angry faces and emotional responses"
"http://www.sciencedirect.com/science/article/pii/S0005796715300267","http://purl.org/dc/elements/1.1/creator","http://madata/rdf/PittigA"
"http://www.sciencedirect.com/science/article/pii/S0005796715300267","http://purl.org/dc/elements/1.1/creator","http://madata/rdf/AlpersG"
"http://www.sciencedirect.com/science/article/pii/S0005796715300267","http://purl.org/dc/elements/1.1/creator","http://madata/rdf/NilesA"
"http://www.sciencedirect.com/science/article/pii/S0005796715300267","http://purl.org/dc/elements/1.1/creator","http://madata/rdf/CraskeM"
"http://www.sciencedirect.com/science/article/pii/S0005796715300267","http://purl.org/dc/elements/1.1/title","Avoidant decision-making in social anxiety disorder: A laboratory task linked to in vivo anxiety and treatment outcome"
"http://www.sciencedirect.com/science/article/pii/S0005796715300267","http://purl.org/dc/elements/1.1/creator","http://madata/rdf/PittigA"
"http://www.sciencedirect.com/science/article/pii/S0005796715300267","http://purl.org/dc/elements/1.1/creator","http://madata/rdf/AlpersG"
"http://www.sciencedirect.com/science/article/pii/S0005796715300267","http://purl.org/dc/elements/1.1/creator","http://madata/rdf/NilesA"
"http://www.sciencedirect.com/science/article/pii/S0005796715300267","http://purl.org/dc/elements/1.1/creator","http://madata/rdf/CraskeM"
"http://www.sciencedirect.com/science/article/pii/S0005796715300267","http://purl.org/dc/elements/1.1/title","Avoidant decision-making in social anxiety disorder: A laboratory task linked to in vivo anxiety and treatment outcome"
"file:///home/kb/build/madata-evaluation/ieeexplore.ieee.org/xpls/abs_all.jsp?arnumber=7302488","http://purl.org/dc/elements/1.1/creator","http://madata/rdf/KuusinenK"
"file:///home/kb/build/madata-evaluation/ieeexplore.ieee.org/xpls/abs_all.jsp?arnumber=7302488","http://purl.org/dc/elements/1.1/title","Overcoming Challenges in Agile User Experience Work: Cross-Case Analysis of Two Large Software Organizations"
"http://link.springer.com/chapter/10.1007/978-3-319-22698-9_3","http://purl.org/dc/elements/1.1/creator","http://madata/rdf/KuusinenK"
"http://link.springer.com/chapter/10.1007/978-3-319-22698-9_3","http://purl.org/dc/elements/1.1/title","Task Allocation Between UX Specialists and Developers in Agile Software Development Projects"
"https://books.google.de/books?hl=de&lr=&id=lEquCgAAQBAJ&oi=fnd&pg=PA233&ots=8UJy5d6tdR&sig=gdvKgVW7-OB_fBialpAfcXmdpxE#v=onepage&q&f=false","http://purl.org/dc/elements/1.1/creator","http://madata/rdf/KuusinenK"
"https://books.google.de/books?hl=de&lr=&id=lEquCgAAQBAJ&oi=fnd&pg=PA233&ots=8UJy5d6tdR&sig=gdvKgVW7-OB_fBialpAfcXmdpxE#v=onepage&q&f=false","http://purl.org/dc/elements/1.1/title","Continuous User Experience Development"
"http://www.researchandinnovationbook.com/PROCEEDINGS/CITA2015/Archives/papers/paper28.pdf","http://purl.org/dc/elements/1.1/creator","http://madata/rdf/FarinangoC"
"http://www.researchandinnovationbook.com/PROCEEDINGS/CITA2015/Archives/papers/paper28.pdf","http://purl.org/dc/elements/1.1/creator","http://madata/rdf/BenavidesJ"
"http://www.researchandinnovationbook.com/PROCEEDINGS/CITA2015/Archives/papers/paper28.pdf","http://purl.org/dc/elements/1.1/creator","http://madata/rdf/L\u00F3pezD"
"http://www.researchandinnovationbook.com/PROCEEDINGS/CITA2015/Archives/papers/paper28.pdf","http://purl.org/dc/elements/1.1/title","OpenUP/MMU-ISO Process Updated According to the Activities and Recommendations of the ISO 9241-210 Standard"
"http://link.springer.com/chapter/10.1007/978-3-642-39137-8_21","http://purl.org/dc/elements/1.1/creator","http://madata/rdf/AkhilesgK"
"http://link.springer.com/chapter/10.1007/978-3-642-39137-8_21","http://purl.org/dc/elements/1.1/creator","http://madata/rdf/SindhujaC"
"http://link.springer.com/chapter/10.1007/978-3-642-39137-8_21","http://purl.org/dc/elements/1.1/creator","http://madata/rdf/KahaiS"
"http://link.springer.com/chapter/10.1007/978-3-642-39137-8_21","http://purl.org/dc/elements/1.1/title","Extending Role of \u201CI\u201D Virtually\u2013Identity Performance and Their Influence on Individual Behaviour and Team Performance in Globally Distributed Work Virtual Teams"
"http://dl.acm.org/citation.cfm?id=2775462","http://purl.org/dc/elements/1.1/creator","http://madata/rdf/JungH"
"http://dl.acm.org/citation.cfm?id=2775462","http://purl.org/dc/elements/1.1/creator","http://madata/rdf/HongS"
"http://dl.acm.org/citation.cfm?id=2775462","http://purl.org/dc/elements/1.1/creator","http://madata/rdf/MeasP"
"http://dl.acm.org/citation.cfm?id=2775462","http://purl.org/dc/elements/1.1/creator","http://madata/rdf/ZachryM"
"http://dl.acm.org/citation.cfm?id=2775462","http://purl.org/dc/elements/1.1/title","Designing tools to support advanced users in new forms of social media interaction"
"file:///home/kb/build/madata-evaluation/link.springer.com/chapter/10.1007/978-3-642-39137-8_27","http://purl.org/dc/elements/1.1/creator","http://madata/rdf/LiY"
"file:///home/kb/build/madata-evaluation/link.springer.com/chapter/10.1007/978-3-642-39137-8_27","http://purl.org/dc/elements/1.1/creator","http://madata/rdf/SkulasonA"
"file:///home/kb/build/madata-evaluation/link.springer.com/chapter/10.1007/978-3-642-39137-8_27","http://purl.org/dc/elements/1.1/title","Uncovering the Effects of Cultural Intelligence on Cross-Cultural Virtual Collaboration Processes"
"http://ieeexplore.ieee.org/xpls/abs_all.jsp?arnumber=6759189&tag=1","http://purl.org/dc/elements/1.1/creator","http://madata/rdf/ScheererA"
"http://ieeexplore.ieee.org/xpls/abs_all.jsp?arnumber=6759189&tag=1","http://purl.org/dc/elements/1.1/creator","http://madata/rdf/HildenbrandT"
"http://ieeexplore.ieee.org/xpls/abs_all.jsp?arnumber=6759189&tag=1","http://purl.org/dc/elements/1.1/creator","http://madata/rdf/KudeT"
"http://ieeexplore.ieee.org/xpls/abs_all.jsp?arnumber=6759189&tag=1","http://purl.org/dc/elements/1.1/title","Coordination in Large-Scale Agile Software Development: A Multiteam Systems Perspective"
"http://ieeexplore.ieee.org/stamp/stamp.jsp?tp=&arnumber=6759181","http://purl.org/dc/elements/1.1/creator","http://madata/rdf/HummelM"
"http://ieeexplore.ieee.org/stamp/stamp.jsp?tp=&arnumber=6759181","http://purl.org/dc/elements/1.1/title","State-of-the-Art: A Systematic Literature Review on Agile Information Systems Development"
"http://aisel.aisnet.org/icis2014/proceedings/ProjectManagement/17/","http://purl.org/dc/elements/1.1/creator","http://madata/rdf/ScheererA"
"http://aisel.aisnet.org/icis2014/proceedings/ProjectManagement/17/","http://purl.org/dc/elements/1.1/creator","http://madata/rdf/KudeT"
"http://aisel.aisnet.org/icis2014/proceedings/ProjectManagement/17/","http://purl.org/dc/elements/1.1/title","Exploring Coordination in Large-Scale Agile Software Development: A Multiteam Systems Perspective"
"http://www.diva-portal.org/smash/record.jsf?pid=diva2%3A830730&dswid=4164","http://purl.org/dc/elements/1.1/creator","http://madata/rdf/RahmanM"
"http://www.diva-portal.org/smash/record.jsf?pid=diva2%3A830730&dswid=4164","http://purl.org/dc/elements/1.1/creator","http://madata/rdf/DasA"
"http://www.diva-portal.org/smash/record.jsf?pid=diva2%3A830730&dswid=4164","http://purl.org/dc/elements/1.1/title","MITIGATION APPROACHES FOR COMMON ISSUES AND CHALLENGES WHEN USING SCRUM IN GLOBAL SOFTWARE DEVELOPMENT"
"http://www.ncbi.nlm.nih.gov/pmc/articles/PMC4248815/","http://purl.org/dc/elements/1.1/creator","http://madata/rdf/GerdesA"
"http://www.ncbi.nlm.nih.gov/pmc/articles/PMC4248815/","http://purl.org/dc/elements/1.1/creator","http://madata/rdf/WieserM"
"http://www.ncbi.nlm.nih.gov/pmc/articles/PMC4248815/","http://purl.org/dc/elements/1.1/creator","http://madata/rdf/AlpersG"
"http://www.ncbi.nlm.nih.gov/pmc/articles/PMC4248815/","http://purl.org/dc/elements/1.1/title","Emotional pictures and sounds: a review of multimodal interactions of emotion cues in multiple domains"
"file:///home/kb/build/madata-evaluation/ref09","http://purl.org/dc/elements/1.1/creator","http://madata/rdf/PittigA"
"file:///home/kb/build/madata-evaluation/ref09","http://purl.org/dc/elements/1.1/creator","http://madata/rdf/PawlikowskiM"
"file:///home/kb/build/madata-evaluation/ref09","http://purl.org/dc/elements/1.1/creator","http://madata/rdf/CraskeM"
"file:///home/kb/build/madata-evaluation/ref09","http://purl.org/dc/elements/1.1/creator","http://madata/rdf/AlpersG"
"file:///home/kb/build/madata-evaluation/ref09","http://purl.org/dc/elements/1.1/title","Avoidant decision making in social anxiety: the interaction of angry faces and emotional responses"
"http://www.sciencedirect.com/science/article/pii/S0005796715300267","http://purl.org/dc/elements/1.1/creator","http://madata/rdf/PittigA"
"http://www.sciencedirect.com/science/article/pii/S0005796715300267","http://purl.org/dc/elements/1.1/creator","http://madata/rdf/AlpersG"
"http://www.sciencedirect.com/science/article/pii/S0005796715300267","http://purl.org/dc/elements/1.1/creator","http://madata/rdf/NilesA"
"http://www.sciencedirect.com/science/article/pii/S0005796715300267","http://purl.org/dc/elements/1.1/creator","http://madata/rdf/CraskeM"
"http://www.sciencedirect.com/science/article/pii/S0005796715300267","http://purl.org/dc/elements/1.1/title","Avoidant decision-making in social anxiety disorder: A laboratory task linked to in vivo anxiety and treatment outcome"
"http://link.springer.com/chapter/10.1007/978-3-319-18714-3_32","http://purl.org/dc/elements/1.1/creator","http://madata/rdf/MoranaS"
"http://link.springer.com/chapter/10.1007/978-3-319-18714-3_32","http://purl.org/dc/elements/1.1/creator","http://madata/rdf/GerardsT"
"http://link.springer.com/chapter/10.1007/978-3-319-18714-3_32","http://purl.org/dc/elements/1.1/creator","http://madata/rdf/MaedcheA"
"http://link.springer.com/chapter/10.1007/978-3-319-18714-3_32","http://purl.org/dc/elements/1.1/title","ITSM ProcessGuide\u2013A Process Guidance System for IT Service Management"
"https://cora.ucc.ie/handle/10468/1814","http://purl.org/dc/elements/1.1/creator","http://madata/rdf/MoranaS"
"https://cora.ucc.ie/handle/10468/1814","http://purl.org/dc/elements/1.1/creator","http://madata/rdf/SchachtS"
"https://cora.ucc.ie/handle/10468/1814","http://purl.org/dc/elements/1.1/creator","http://madata/rdf/GerardsT"
"https://cora.ucc.ie/handle/10468/1814","http://purl.org/dc/elements/1.1/creator","http://madata/rdf/MaedcheA"
"https://cora.ucc.ie/handle/10468/1814","http://purl.org/dc/elements/1.1/title","ITSM ProcessGuide\u2013a longitudinal and multi-method field study for real-world DSR artifact evaluation"
"http://papers.ssrn.com/sol3/papers.cfm?abstract_id=2033145","http://purl.org/dc/elements/1.1/creator","http://madata/rdf/MaedcheA"
"http://papers.ssrn.com/sol3/papers.cfm?abstract_id=2033145","http://purl.org/dc/elements/1.1/creator","http://madata/rdf/MuellerB"
"http://papers.ssrn.com/sol3/papers.cfm?abstract_id=2033145","http://purl.org/dc/elements/1.1/title","Enterprise Systems - A Research Agenda"
"http://dx.doi.org/10.1108/MRR-04-2013-0085","http://purl.org/dc/elements/1.1/creator","http://madata/rdf/LebekB"
"http://dx.doi.org/10.1108/MRR-04-2013-0085","http://purl.org/dc/elements/1.1/creator","http://madata/rdf/UffenJ"
"http://dx.doi.org/10.1108/MRR-04-2013-0085","http://purl.org/dc/elements/1.1/creator","http://madata/rdf/NeumannM"
"http://dx.doi.org/10.1108/MRR-04-2013-0085","http://purl.org/dc/elements/1.1/creator","http://madata/rdf/HohlerB"
"http://dx.doi.org/10.1108/MRR-04-2013-0085","http://purl.org/dc/elements/1.1/creator","http://madata/rdf/BreitnerM"
"http://dx.doi.org/10.1108/MRR-04-2013-0085","http://purl.org/dc/elements/1.1/title","Information security awareness and behavior: a theory-based literature review"
"http://link.springer.com/article/10.1007/s10916-013-9984-x","http://purl.org/dc/elements/1.1/creator","http://madata/rdf/Aydin\u00D6"
"http://link.springer.com/article/10.1007/s10916-013-9984-x","http://purl.org/dc/elements/1.1/creator","http://madata/rdf/ChouseinoglouO"
"http://link.springer.com/article/10.1007/s10916-013-9984-x","http://purl.org/dc/elements/1.1/title","Fuzzy Assessment of Health Information System Users' Security Awareness"
"https://domino.fov.uni-mb.si/proceedings.nsf/Proceedings/08209464067DDF2AC1257E5B0048279B/$File/1_Alic.pdf","http://purl.org/dc/elements/1.1/creator","http://madata/rdf/Ali\u0107I"
"https://domino.fov.uni-mb.si/proceedings.nsf/Proceedings/08209464067DDF2AC1257E5B0048279B/$File/1_Alic.pdf","http://purl.org/dc/elements/1.1/title","Financial Market Surveillance Decision Support: An Explanatory Design Theory"
"http://web.eris.uni-mannheim.de/website_supplements/theses/attachments%5C326%5CThesis%20proposal%20final.pdf","http://purl.org/dc/elements/1.1/creator","http://madata/rdf/KalidindiV"
"http://web.eris.uni-mannheim.de/website_supplements/theses/attachments%5C326%5CThesis%20proposal%20final.pdf","http://purl.org/dc/elements/1.1/title","Process Visibility Requirements and Capabilities-Conceptual Perspectives and Operationalization"
